"title","bloggername","link","bloggerlink","postdate"
"자폐스펙트럼 증상 <b>ASD</b> 특징 몇 가지!","우리모두순풍 :: 멋진 농가 세상 이야기","https://blog.naver.com/muebmpn?Redirect=Log&logNo=222824785840","https://blog.naver.com/muebmpn","20220722"
"신생아 심방중격결손(<b>ASD</b>)으로 추적 관찰 심장초음파 2회차... ","하율이네","https://blog.naver.com/aejiniyam?Redirect=Log&logNo=222413917186","https://blog.naver.com/aejiniyam","20210630"
"성인 심방중격결손 시술 후기(<b>ASD</b>) 시술비용 3/3","MAC","https://blog.naver.com/yabgi_?Redirect=Log&logNo=222821342478","https://blog.naver.com/yabgi_","20220720"
"심방중격결손-<b>ASD</b> (심장구멍시술-김서방)","달달한 ~앙쓰리 작업실","https://blog.naver.com/kjmlove1225?Redirect=Log&logNo=222390170524","https://blog.naver.com/kjmlove1225","20210608"
"심장질환 - 심실 중격 결손증(VSD), 심방 중격 결손증(<b>ASD</b>)","워킹대디의 업무와 일상, 매운맛 아기의 육아기록","https://blog.naver.com/86hunter?Redirect=Log&logNo=222723416783","https://blog.naver.com/86hunter","20220507"
"어센덱스 <b>ASD</b> AscendEX 코인 토큰 거래 플랫폼 시세 정보... ","암호화폐의 추월차선","https://blog.naver.com/wno1vocalist?Redirect=Log&logNo=222880926932","https://blog.naver.com/wno1vocalist","20220922"
"라스 베가스 출장(2) 8.24.2022 <b>ASD</b> Show","아하쿨의 미국생활, 예술, 글, 사색의 기록들","https://blog.naver.com/ahacool5?Redirect=Log&logNo=222864922190","https://blog.naver.com/ahacool5","20220902"
"교통사고상해증후군과 급성 스트레스장애(<b>ASD</b>), 물리치료와... ","醫者 意也","https://blog.naver.com/burpeey?Redirect=Log&logNo=222878631648","https://blog.naver.com/burpeey","20220919"
"같은 행동이 반복되는 자폐 스펙트럼(<b>ASD</b>)장애","브레인리더한의원","https://blog.naver.com/quixta?Redirect=Log&logNo=222591939887","https://blog.naver.com/quixta","20211210"
"심방사이 중격에 결손을 뜻하는 의학용어 <b>ASD</b>","응급구조사 범키 Story","https://blog.naver.com/beomju7773?Redirect=Log&logNo=222843766035","https://blog.naver.com/beomju7773","20220809"
"매니아 정보] 라스베가스 춘계 소비재 컨벤션 <b>ASD</b> Market Week","여행 플래너 라스베가스 매니아의 미국 서부 투어","https://blog.naver.com/welasvegas?Redirect=Log&logNo=222648038215","https://blog.naver.com/welasvegas","20220223"
"<b>ASD</b>(자폐스펙트럼장애) -  발달장애아동","대구 정신건강의학과 ""대동병원""","https://blog.naver.com/ddhosp?Redirect=Log&logNo=222623714708","https://blog.naver.com/ddhosp","20220117"
"의학용어 <b>ASD</b> 심방 중격 결손 원인 및 검사 방법","보건학 연구원이 기록하는 웰빙로그","https://blog.naver.com/ddooddiluv?Redirect=Log&logNo=222789382132","https://blog.naver.com/ddooddiluv","20220626"
"<b>ASD</b> 치료제 개발★아스트로젠 주식, 장외주식, 내년 상장 목표","장외주식투자 골든트리","https://blog.naver.com/y2148810?Redirect=Log&logNo=222869379522","https://blog.naver.com/y2148810","20220908"
"&lt;모모스 커피&gt; 파나마 엘리다 카투아이 <b>ASD</b> 내추럴... ","공간","https://blog.naver.com/ejsj1004?Redirect=Log&logNo=222648267433","https://blog.naver.com/ejsj1004","20220215"
"<b>ASD</b>(자스)&amp;발달장애 치료에서 고려할 점","우리아이행복연구소","https://blog.naver.com/isalang1227?Redirect=Log&logNo=222700296127","https://blog.naver.com/isalang1227","20220414"
"모모스 커피 - 파나마 엘리다 &apos;카투아이&apos; <b>ASD</b> 네추럴","버지니아울프","https://blog.naver.com/odyssey-7?Redirect=Log&logNo=222634320056","https://blog.naver.com/odyssey-7","20220129"
"고양이 심장병 (심방중격결손 <b>ASD</b>) 부산동행동물의료센터","동행동물의료센터","https://blog.naver.com/dh-amc7575?Redirect=Log&logNo=222803465921","https://blog.naver.com/dh-amc7575","20220707"
"BMW <b>ASD</b>와의 차이점 + 전기차 배기음 튜닝 + 오토모티브 7.0 2발... ","그날온다 블로그","https://blog.naver.com/coolalska?Redirect=Log&logNo=222683201472","https://blog.naver.com/coolalska","20220326"
"<b>ASD</b> 아동 중재 고민 (탁트임유튜브)","수동샘 블로그","https://blog.naver.com/minikkosun?Redirect=Log&logNo=222804283691","https://blog.naver.com/minikkosun","20220708"
"자폐스펙트럼장애(<b>ASD</b>) 신약연구기업-뉴로벤티","꿈너머꿈 사랑방","https://blog.naver.com/hangstar1?Redirect=Log&logNo=222432421372","https://blog.naver.com/hangstar1","20210715"
"자폐란 무엇인가? (Autism Spectrum Disorder: <b>ASD</b>","강북언어발달재활센터","https://blog.naver.com/mangto38?Redirect=Log&logNo=222828050025","https://blog.naver.com/mangto38","20220728"
"<b>ASD</b> 부모교육","LISA의 언어치료 -LIght & SAlt-","https://blog.naver.com/gksdkdud85?Redirect=Log&logNo=222879411511","https://blog.naver.com/gksdkdud85","20220920"
"[김해언어치료_인제발달센터] 자폐스펙트럼장애(<b>ASD</b>) 의문사... ","인제발달센터","https://blog.naver.com/ijdevelop?Redirect=Log&logNo=222861683137","https://blog.naver.com/ijdevelop","20220830"
"자폐증 진단 <b>asd</b>, id 둘다 받아야 할까?","통증 치료 한의원","https://blog.naver.com/jdgrty8576?Redirect=Log&logNo=222796237378","https://blog.naver.com/jdgrty8576","20220701"
"신생아 심방중격결손(<b>ASD</b>), 저혈당증 회복중 이벤트 또 발생...... ","태태파파 육아일기","https://blog.naver.com/darkco?Redirect=Log&logNo=222871911384","https://blog.naver.com/darkco","20220911"
"[온사랑 ABA 치료] <b>ASD</b> 아동의 문제행동을 다루는 단계별 방법!","온사랑ABA연구소","https://blog.naver.com/onsarangaba?Redirect=Log&logNo=222879336159","https://blog.naver.com/onsarangaba","20220920"
"자폐 스펙트럼 장애(<b>ASD</b>) 개요 : 자폐증에 대하여","소셜스토리","https://socialstory.kr/4770","https://socialstory.kr/","20220722"
"비청색증형 선천성 심질환 &lt;1&gt; VSD, <b>ASD</b>, PDA","공부하는 나롱시티","https://blog.naver.com/mxwxx?Redirect=Log&logNo=222660161045","https://blog.naver.com/mxwxx","20220228"
"Villa Flor Pink Bourbon Natural <b>ASD</b> Brewing (세웅gc... ","홋 컾","https://blog.naver.com/hangookinlee?Redirect=Log&logNo=222707179220","https://blog.naver.com/hangookinlee","20220421"
"2022.7.7.자폐 자페스팩트럼 <b>ASD</b>","Felixon","https://blog.naver.com/maria1015?Redirect=Log&logNo=222803680306","https://blog.naver.com/maria1015","20220707"
"자폐스펙트럼 장애(<b>ASD</b>) DSM-5 진단 기준","ABA연구소 Mom&T","https://blog.naver.com/momnt?Redirect=Log&logNo=222878990259","https://blog.naver.com/momnt","20220919"
"자폐 스펙트럼 <b>ASD</b>) 원인과 증상입니다","벨벳코코님의블로그","https://blog.naver.com/rlaekek1a?Redirect=Log&logNo=222796631889","https://blog.naver.com/rlaekek1a","20220701"
"심방 중격 결손을 의미하는 의학용어 <b>ASD</b>","토리파파","https://blog.naver.com/candy1500?Redirect=Log&logNo=222726477178","https://blog.naver.com/candy1500","20220509"
"인천/검단/김포/자폐스펙트럼장애(<b>ASD</b>)의 치료","인천/검단/김포 아이꿈트리언어심리상담센터","https://blog.naver.com/dreamtreeii?Redirect=Log&logNo=222861045468","https://blog.naver.com/dreamtreeii","20220829"
"조기개입 아동미술치료 발달지연과 <b>ASD</b>","많이 놀았다. 이제 매일 익히자","https://blog.naver.com/steveto?Redirect=Log&logNo=222745744652","https://blog.naver.com/steveto","20220525"
"방위사업청-유럽 항공우주 및 방위산업협회(<b>ASD</b>), 기술문서... ","""팔방미인"" 방위사업청 대표 블로그","https://blog.naver.com/dapapr?Redirect=Log&logNo=222844528015","https://blog.naver.com/dapapr","20220810"
"차세대 반도체 기술, IMW 2022 : ALD, ALE, <b>ASD</b>... ","인생빌드업-지금이야!","https://blog.naver.com/now_or_nev?Redirect=Log&logNo=222754766422","https://blog.naver.com/now_or_nev","20220601"
"홈브런치로 케멕스_모모스 엘리다 카투아이 파나마 <b>ASD</b>... ","공간","https://blog.naver.com/ejsj1004?Redirect=Log&logNo=222660893922","https://blog.naver.com/ejsj1004","20220301"
"txt커피, 파나마 엘리다 또레 게이샤 <b>ASD</b>","흐스크의 찍먹인생","https://blog.naver.com/hyolhoi?Redirect=Log&logNo=222401765134","https://blog.naver.com/hyolhoi","20210618"
"자폐 스펙트럼 장애, <b>ASD</b>의 징후와 증상","강북언어발달재활센터","https://blog.naver.com/mangto38?Redirect=Log&logNo=222828070970","https://blog.naver.com/mangto38","20220729"
"<b>ASD</b> (자폐 스펙트럼 장애)가있는 부모","한국가족상담연구소","https://blog.naver.com/angelsun0?Redirect=Log&logNo=222361588814","https://blog.naver.com/angelsun0","20210524"
"자폐증/자폐 스펙트럼 장애(<b>ASD</b>) 원인과 증상 및 조기진단 행동... ","질병예방을 위한 건강라이프","https://blog.naver.com/idssd729?Redirect=Log&logNo=222813018091","https://blog.naver.com/idssd729","20220715"
"공구오토모 텀블러 무선 핸디청소기 <b>ASD</b>-300","스몰리즈","https://blog.naver.com/polo08230613?Redirect=Log&logNo=222721490537","https://blog.naver.com/polo08230613","20220505"
"창원 발달치료 - 관계 맺기(<b>ASD</b>와 발달장애 아동)","우리아이행복연구소","https://blog.naver.com/isalang1227?Redirect=Log&logNo=222667454273","https://blog.naver.com/isalang1227","20220308"
"<b>ASD</b> 아동이 플로어타임과 인지치료를 병행해야 하는 이유","다니엘의 행복뿜뿜","https://blog.naver.com/mediator79?Redirect=Log&logNo=222612703294","https://blog.naver.com/mediator79","20220104"
"[DRIVE] DELTA <b>ASD</b>-A2-2023-L /구매 수리 단종품지원 / (주)... ","엠이티 블로그 | M.E.T","https://metservice.kr/58671","https://metservice.kr/","20220308"
"<b>ASD</b> 자폐증 개선방안, 주변의 관심이 필요해요!","인애한의원 + etf","https://blog.naver.com/etfcl5c9?Redirect=Log&logNo=222849885500","https://blog.naver.com/etfcl5c9","20220816"
"<b>ASD</b> 자폐 스펙트럼 장애","경기교사 희쌤","https://blog.naver.com/sohee431?Redirect=Log&logNo=222806628565","https://blog.naver.com/sohee431","20220710"
"파나마 스윗미스트 게이샤 <b>ASD</b> 내추럴[With.FIEL]","다함께 차!차!차!","https://blog.naver.com/kiki6786786?Redirect=Log&logNo=222870716084","https://blog.naver.com/kiki6786786","20220909"
"문화상품권 티머니 환불 현금화 이렇게jvjs12<b>asd</b>","candidate5746님의블로그","https://blog.naver.com/candidate5746?Redirect=Log&logNo=222881072864","https://blog.naver.com/candidate5746","20220922"
"프로즌 마가리타 자바 내추럴 <b>ASD</b> 허브향 가득","일상의 행복","https://blog.naver.com/leejhda?Redirect=Log&logNo=222835861890","https://blog.naver.com/leejhda","20220731"
"UAE 두바이 국제학교 : CAS / DAA / DIA / <b>ASD</b> 정보","베테랑스어학원 : 베테랑스 교육연구소","https://blog.naver.com/veteransedu1?Redirect=Log&logNo=222854879603","https://blog.naver.com/veteransedu1","20220823"
"Mary&apos;s <b>ASD</b> Essay - 4","어린이 내면으로 전환된 환경","https://blog.naver.com/marykim77?Redirect=Log&logNo=222866550874","https://blog.naver.com/marykim77","20220904"
"자폐스펙트럼장애(<b>ASD</b>: Autism Spectrum Disorder)","QOL : Quality Of Life","https://blog.naver.com/librathird91?Redirect=Log&logNo=222817785033","https://blog.naver.com/librathird91","20220718"
"파나마 마마카다 모키다 게이샤 <b>ASD</b> 내추럴 BOP #1 Non... ","스페셜티커피 로스팅 카페알트로","https://blog.naver.com/cafealtro?Redirect=Log&logNo=222674132568","https://blog.naver.com/cafealtro","20220316"
"심각한 후유증, “급성 스트레스장애(<b>ASD</b>)”란? - 노원 휴한의원","휴한의원 노원점, 두뇌와 정신 건강 지킴이","https://blog.naver.com/hanikim72?Redirect=Log&logNo=222489056891","https://blog.naver.com/hanikim72","20210831"
"울산중고피아노판매 su-693<b>asd</b> 알짜 정보 알아보기","하이엔드중고피아노","https://blog.naver.com/iaan6098?Redirect=Log&logNo=222830929114","https://blog.naver.com/iaan6098","20220727"
"일반 교실에서 <b>ASD</b> 학생 가르치기","현명하게","https://blog.naver.com/sincere0218?Redirect=Log&logNo=222874085239","https://blog.naver.com/sincere0218","20220914"
"자폐스펙트럼장애(<b>ASD</b>)","Healthy Living","https://blog.naver.com/fallsview123?Redirect=Log&logNo=222641747784","https://blog.naver.com/fallsview123","20220208"
"[SERVO DRIVER] VEXTA <b>ASD</b>24A-A /구매 수리 단종품지원 / (주)... ","엠이티 블로그 | M.E.T","https://metservice.kr/53421","https://metservice.kr/","20210930"
"앤 허쉬 커피 로스터스 / 파나마 엘리다 에스테이트 게이샤 <b>ASD</b>","귀여울수록 맛있는 커피","https://blog.naver.com/myungtendo?Redirect=Log&logNo=222852524792","https://blog.naver.com/myungtendo","20220819"
"<b>ASD</b> 장애 특성이 매몰비용 편향 줄여줘","일상의 경계에 서다","https://blog.naver.com/voice90?Redirect=Log&logNo=222874227409","https://blog.naver.com/voice90","20220914"
"[IBITA] 2022 미국 소비재전 (<b>ASD</b> Market Week) 개막!","국제뷰티산업교역협회(IBITA)","https://blog.naver.com/ibita?Redirect=Log&logNo=222855089773","https://blog.naver.com/ibita","20220822"
"스킨프리스티, 2022 <b>ASD</b> MARKET WEEK 참가!","-","https://blog.naver.com/skinprest?Redirect=Log&logNo=222832372468","https://blog.naver.com/skinprest","20220729"
"파나마 마마카타 파카마라 <b>ASD</b> 내추럴","가까운 커피집","https://blog.naver.com/babsooni?Redirect=Log&logNo=222767941182","https://blog.naver.com/babsooni","20220610"
"파나마 보케테 &apos;라마스투스 패밀리 - 엘리다&apos; 카투라 <b>ASD</b>내츄럴","BRING ME COFFEE AND TEA","https://blog.naver.com/comeundawn?Redirect=Log&logNo=222857920432","https://blog.naver.com/comeundawn","20220825"
"DELTA AC SERVO DRIVE <b>ASD</b>-B0421-A / 델타 서보 드라이브... ","이디알(EDR)","https://blog.naver.com/edr0220?Redirect=Log&logNo=222855803543","https://blog.naver.com/edr0220","20220823"
"[DRIVE] ORIENTAL MOTOR <b>ASD</b>16D-C /구매 수리 단종품지원... ","엠이티 공식 블로그 | 산업 자동화 장비 판매 및 수리","https://blog.naver.com/met8257n?Redirect=Log&logNo=222880492099","https://blog.naver.com/met8257n","20220921"
"[IBITA] 2022 북미 소비재전 &apos;<b>ASD</b> Market Week&apos; 개최 임박‼","국제뷰티산업교역협회(IBITA)","https://blog.naver.com/ibita?Redirect=Log&logNo=222851648110","https://blog.naver.com/ibita","20220818"
"증례 22 - Rt parasternal approach of <b>ASD</b>","조선대병원 순환기내과 장경식 (교수)의 블로그","https://blog.naver.com/drkschang?Redirect=Log&logNo=222599231126","https://blog.naver.com/drkschang","20211219"
"[TMI] 자폐스펙트럼장애(<b>ASD</b>)의 원인과 치료 방법... ","현식로그","http://hyunsik.me/wordpress/?p=19333","http://hyunsik.me/wordpress/","20220903"
"[<b>ASD</b>] UN SDGs 대학생 홍보대사 6기 발대식","mood like dreamer","https://blog.naver.com/seri_333?Redirect=Log&logNo=220708288615","https://blog.naver.com/seri_333","20160513"
"자폐(Autistic Spectrum Disorder, <b>ASD</b>) 알아보기 .","짱짱자매와 함께하는 이야기","https://blog.naver.com/win5027?Redirect=Log&logNo=221130122665","https://blog.naver.com/win5027","20171101"
"BMW 320d - <b>ASD</b> 장착기(Active Sound Design)","Alex`s World","https://blog.naver.com/forcehoon?Redirect=Log&logNo=220734408339","https://blog.naver.com/forcehoon","20160612"
"ACPI\<b>ASD</b>0001\2&amp;DABA3FF&amp;0 = AmdAS4 Device","2동탄컴퓨터수리","https://dtcom.tistory.com/entry/ACPIASD00012DABA3FF0-AmdAS4-Device","https://dtcom.tistory.com/","20220730"
"광주하남카페/하남2지구 카페/<b>ASD</b> coffee","모든 날, 모든 순간의 기록","https://blog.naver.com/shuichen?Redirect=Log&logNo=221564453893","https://blog.naver.com/shuichen","20190617"
"자폐 스펙트럼 장애(<b>ASD</b>)에 대한 궁금증? 치료 가능 여부/ 원인... ","haneulhae01님의블로그","https://blog.naver.com/haneulhae01?Redirect=Log&logNo=221860822834","https://blog.naver.com/haneulhae01","20200318"
"심방중격결손(Atrial Septal Defect-<b>ASD</b>)","홍경립의 건강이야기","https://blog.naver.com/honginsuranc?Redirect=Log&logNo=40052176265","https://blog.naver.com/honginsuranc","20080615"
"<b>ASD</b> Exam 관한 것들...","Hello David ~ 모바일과 프로젝트 관리","https://blog.naver.com/bjh3958?Redirect=Log&logNo=120055118903","https://blog.naver.com/bjh3958","20080822"
"[알아봅시다] 차세대 금융시스템 SW개발 방법론 `<b>ASD</b>... ","오늘 걷지 않으면 내일은 뛰어야 한다.","https://blog.naver.com/dilector?Redirect=Log&logNo=220885635303","https://blog.naver.com/dilector","20161214"
"광주하남카페 에이에스디 <b>ASD</b> coffee 디저트 맛집","청춘기록, 20살부터 담긴","https://blog.naver.com/dnwls5102?Redirect=Log&logNo=221578357708","https://blog.naver.com/dnwls5102","20190705"
"22년 8월, 파나마 엘리다 라 로마 게이샤 <b>ASD</b>","Coffee Me Up","https://coffeemeup.kr/1290","https://coffeemeup.kr/","20220805"
"자폐스펙트럼장애 (<b>ASD</b>, Autism spectrum disorder)","아이토마토 한의원","https://blog.naver.com/begoodskin?Redirect=Log&logNo=220463778206","https://blog.naver.com/begoodskin","20150829"
"파나마 엘리다 카투아이 <b>ASD</b> (Panama Elida catuai <b>ASD</b>)... ","Thothe looks at the Orion.","https://blog.naver.com/orion_thothe?Redirect=Log&logNo=222055230421","https://blog.naver.com/orion_thothe","20200809"
"<b>asd</b> 후라이팬  ㅡ 롯데백화점 본점 정기세일... ","MAMAKING","https://blog.naver.com/2848yoyo?Redirect=Log&logNo=221576526175","https://blog.naver.com/2848yoyo","20190703"
"18V 충전자동스크류드라이버 <b>ASD</b>-1800L 특징 및 용도","계양전기 공식 블로그","https://blog.naver.com/keyang_tools?Redirect=Log&logNo=221565538564","https://blog.naver.com/keyang_tools","20190624"
"23인치모니터 :: 알파스캔 광시야각 모니터 2314 <b>ASD</b> LED... ","핑크엘리","https://blog.naver.com/kryhappy?Redirect=Log&logNo=220326006023","https://blog.naver.com/kryhappy","20150410"
"배치플라워와 <b>ASD</b>( Autism Spectrum Disorder)","다이룸 : 꿈이 현실이 되는 곳 : Dreams come true!","https://blog.naver.com/happytappy?Redirect=Log&logNo=222857362170","https://blog.naver.com/happytappy","20220824"
"디딤365-<b>ASD</b>코리아, 랜섬웨어 예방 위한 보안 프로모션 실시","클라우드는 역시! Didim365","https://blog.naver.com/didim365_?Redirect=Log&logNo=221960557034","https://blog.naver.com/didim365_","20200513"
"미국 라스베가스 최대 소비재쇼, <b>ASD</b>쇼","미국전시전문통역/돔잭맘의엄마표영어/영어슬랭","https://blog.naver.com/revoluniv?Redirect=Log&logNo=221326310721","https://blog.naver.com/revoluniv","20180725"
"부산경제진흥원, 2019 미국 라스베가스 <b>ASD</b> 소비재 전시회 참가","부산경제진흥원 공식블로그","https://blog.naver.com/bepa_sns?Redirect=Log&logNo=221505414741","https://blog.naver.com/bepa_sns","20190404"
"bmw <b>ASD</b>","너의 신을 만났길 바란다....","https://blog.naver.com/lunch4me?Redirect=Log&logNo=221080789598","https://blog.naver.com/lunch4me","20170824"
"회사의 이전을 마치고 / 자폐스펙트럼(<b>ASD</b>)에 대해... ","현식로그","http://hyunsik.me/wordpress/?p=13282","http://hyunsik.me/wordpress/","20200727"
"AhnLab V3 365 Clinic 업데이트로 사라진 <b>ASD</b> 클라우드... ","울지않는벌새","https://hummingbird.tistory.com/6455","https://hummingbird.tistory.com/","20160902"
"파나마 엘 부로 / Panama El Burro <b>ASD</b>","Privet Blog :-)","https://blog.naver.com/saelumi?Redirect=Log&logNo=221582292244","https://blog.naver.com/saelumi","20190710"
"호주 아동 육아 정보 ADHD or <b>ASD</b> 에 대한 인식 차이","레곰이의 R찬 호주이야기 : )","https://blog.naver.com/hkjwow?Redirect=Log&logNo=221097680022","https://blog.naver.com/hkjwow","20170915"
"[스터디]<b>ASD</b> 언어특성","나의하루","https://blog.naver.com/eggnoglatte?Redirect=Log&logNo=221445895283","https://blog.naver.com/eggnoglatte","20190119"
"BMW 420D M 스포츠 쿠페, 멜로니아에서 <b>ASD</b> 모듈 장착후기","속도위반 안 하는 속도위반님 ♥","https://blog.naver.com/ssunsett?Redirect=Log&logNo=221189096849","https://blog.naver.com/ssunsett","20180120"
"(autism spectrum disorder: <b>ASD</b>)의 발생 원인은?","휴한의원 노원점, 두뇌와 정신 건강 지킴이","https://blog.naver.com/hanikim72?Redirect=Log&logNo=221287734690","https://blog.naver.com/hanikim72","20180530"
