"20220922","1","인생은 뷰티풀: 비타돌체","9.79","1","40"
"20220922","2","탑건: 매버릭","9.77","1","40"
"20220922","3","클라우스","9.71","1","40"
"20220922","4","할머니의 먼 집","9.62","1","40"
"20220922","5","그린 북","9.60","1","40"
"20220922","6","가버나움","9.59","1","40"
"20220922","7","밥정","9.58","1","40"
"20220922","8","베일리 어게인","9.54","1","40"
"20220922","9","원더","9.53","1","40"
"20220922","10","아일라","9.52","1","40"
"20220922","11","디지몬 어드벤처 라스트 에볼루션 : 인연","9.51","1","40"
"20220922","12","극장판 바이올렛 에버가든","9.50","1","40"
"20220922","13","당갈","9.49","1","40"
"20220922","14","먼 훗날 우리","9.48","1","40"
"20220922","15","포드 V 페라리","9.48","1","40"
"20220922","16","명탐정 코난: 할로윈의 신부","9.47","1","40"
"20220922","17","주전장","9.46","1","40"
"20220922","18","쇼생크 탈출","9.46","1","40"
"20220922","19","터미네이터 2:오리지널","9.45","1","40"
"20220922","20","덕구","9.44","1","40"
"20220922","21","클래식","9.44","1","40"
"20220922","22","라이언 일병 구하기","9.43","1","40"
"20220922","23","그대, 고맙소 : 김호중 생애 첫 팬미팅 무비","9.43","1","40"
"20220922","24","장민호 드라마 최종회","9.43","1","40"
"20220922","25","나 홀로 집에","9.43","1","40"
"20220922","26","월-E","9.42","1","40"
"20220922","27","빽 투 더 퓨쳐","9.42","1","40"
"20220922","28","사운드 오브 뮤직","9.42","1","40"
"20220922","29","보헤미안 랩소디","9.42","1","40"
"20220922","30","포레스트 검프","9.41","1","40"
"20220922","31","글래디에이터","9.41","1","40"
"20220922","32","가나의 혼인잔치: 언약","9.41","1","40"
"20220922","33","타이타닉","9.41","1","40"
"20220922","34","위대한 쇼맨","9.41","1","40"
"20220922","35","인생은 아름다워","9.41","1","40"
"20220922","36","살인의 추억","9.40","1","40"
"20220922","37","매트릭스","9.40","1","40"
"20220922","38","헬프","9.40","1","40"
"20220922","39","센과 치히로의 행방불명","9.40","1","40"
"20220922","40","캐스트 어웨이","9.39","1","40"
"20220922","41","토이 스토리 3","9.39","1","40"
"20220922","42","태극권","9.39","1","40"
"20220922","43","씽2게더","9.39","1","40"
"20220922","44","쉰들러 리스트","9.39","1","40"
"20220922","45","헌터 킬러","9.39","1","40"
"20220922","46","히든 피겨스","9.38","1","40"
"20220922","47","반지의 제왕: 왕의 귀환","9.38","1","40"
"20220922","48","어벤져스: 엔드게임","9.38","1","40"
"20220922","49","죽은 시인의 사회","9.38","1","40"
"20220922","50","집으로...","9.38","1","40"
"20220922","51","레옹","9.38","1","40"
"20220922","52","알라딘","9.38","1","40"
"20220922","53","클레멘타인","9.38","1","40"
"20220922","54","여인의 향기","9.38","1","40"
"20220922","55","잭 스나이더의 저스티스 리그","9.37","1","40"
"20220922","56","아이 캔 스피크","9.37","1","40"
"20220922","57","동주","9.37","1","40"
"20220922","58","해리 포터와 마법사의 돌","9.37","1","40"
"20220922","59","서유기 2 - 선리기연","9.36","1","40"
"20220922","60","안녕 베일리","9.36","1","40"
"20220922","61","다시 태어나도 우리","9.36","1","40"
"20220922","62","미스 슬로운","9.36","1","40"
"20220922","63","굿바이 마이 프랜드","9.36","1","40"
"20220922","64","주토피아","9.36","1","40"
"20220922","65","자산어보","9.36","1","40"
"20220922","66","굿 윌 헌팅","9.36","1","40"
"20220922","67","트루먼 쇼","9.35","1","40"
"20220922","68","세 얼간이","9.35","1","40"
"20220922","69","반지의 제왕: 두 개의 탑","9.35","1","40"
"20220922","70","범죄도시2","9.35","1","40"
"20220922","71","지금, 만나러 갑니다","9.35","1","40"
"20220922","72","나 홀로 집에 2 - 뉴욕을 헤매다","9.35","1","40"
"20220922","73","에이리언 2","9.35","1","40"
"20220922","74","아기공룡 둘리 - 얼음별 대모험","9.35","1","40"
"20220922","75","모노노케 히메","9.35","1","40"
"20220922","76","로망","9.35","1","40"
"20220922","77","지상의 별처럼","9.35","1","40"
"20220922","78","미세스 다웃파이어","9.35","1","40"
"20220922","79","더 록","9.35","1","40"
"20220922","80","아마데우스","9.34","1","40"
"20220922","81","울지마 톤즈","9.34","1","40"
"20220922","82","다크 나이트","9.34","1","40"
"20220922","83","프리 윌리","9.34","1","40"
"20220922","84","오세암","9.34","1","40"
"20220922","85","알라딘","9.34","1","40"
"20220922","86","빌리 엘리어트","9.34","1","40"
"20220922","87","아이즈 온 미 : 더 무비","9.33","1","40"
"20220922","88","두 교황","9.33","1","40"
"20220922","89","언더독","9.33","1","40"
"20220922","90","아이 엠 샘","9.33","1","40"
"20220922","91","그대를 사랑합니다","9.33","1","40"
"20220922","92","러브 유어셀프 인 서울","9.33","1","40"
"20220922","93","언터처블: 1%의 우정","9.33","1","40"
"20220922","94","피아니스트","9.33","1","40"
"20220922","95","시네마 천국","9.33","1","40"
"20220922","96","천공의 성 라퓨타","9.33","1","40"
"20220922","97","프리퀀시","9.33","1","40"
"20220922","98","라푼젤","9.33","1","40"
"20220922","99","업","9.33","1","40"
"20220922","100","드래곤 길들이기","9.33","1","40"
"20220922","101","해리 포터와 죽음의 성물 - 2부","9.33","1","40"
"20220922","102","소원","9.32","1","40"
"20220922","103","아이언 자이언트","9.32","1","40"
"20220922","104","코코","9.32","1","40"
"20220922","105","에이 아이","9.32","1","40"
"20220922","106","늑대와 춤을","9.32","1","40"
"20220922","107","토이 스토리","9.32","1","40"
"20220922","108","블라인드 사이드","9.32","1","40"
"20220922","109","모던 타임즈","9.32","1","40"
"20220922","110","패왕별희 디 오리지널","9.32","1","40"
"20220922","111","주먹왕 랄프","9.32","1","40"
"20220922","112","코러스","9.32","1","40"
"20220922","113","우리들의 일그러진 영웅","9.31","1","40"
"20220922","114","뷰티풀 투모로우","9.31","1","40"
"20220922","115","교회오빠","9.31","1","40"
"20220922","116","쥬라기 공원","9.31","1","40"
"20220922","117","다이 하드","9.31","1","40"
"20220922","118","라따뚜이","9.31","1","40"
"20220922","119","소울","9.31","1","40"
"20220922","120","8월의 크리스마스","9.31","1","40"
"20220922","121","폴란드로 간 아이들","9.31","1","40"
"20220922","122","반지의 제왕: 반지 원정대","9.30","1","40"
"20220922","123","달링","9.30","1","40"
"20220922","124","바이센테니얼 맨","9.30","1","40"
"20220922","125","엽기적인 그녀","9.30","1","40"
"20220922","126","폴리스 스토리","9.30","1","40"
"20220922","127","바람계곡의 나우시카","9.30","1","40"
"20220922","128","번 더 스테이지: 더 무비","9.30","1","40"
"20220922","129","브레이크 더 사일런스: 더 무비","9.30","1","40"
"20220922","130","보디가드","9.30","1","40"
"20220922","131","몬스터 주식회사 3D","9.30","1","40"
"20220922","132","극장판 짱구는 못말려: 격돌! 낙서왕국과 얼추 네 명의 용사들","9.30","1","40"
"20220922","133","RRR: 라이즈 로어 리볼트","9.30","1","40"
"20220922","134","록키","9.30","1","40"
"20220922","135","일급 살인","9.30","1","40"
"20220922","136","메리 포핀스","9.30","1","40"
"20220922","137","시월애","9.29","1","40"
"20220922","138","플립","9.29","1","40"
"20220922","139","동방불패","9.29","1","40"
"20220922","140","허스토리","9.29","1","40"
"20220922","141","오페라의 유령 : 25주년 특별 공연","9.29","1","40"
"20220922","142","영웅: 샐러멘더의 비밀","9.29","1","40"
"20220922","143","뽀로로 극장판 보물섬 대모험","9.29","1","40"
"20220922","144","천녀유혼","9.29","1","40"
"20220922","145","타잔","9.29","1","40"
"20220922","146","라이온 킹","9.29","1","40"
"20220922","147","내 이름은 칸","9.29","1","40"
"20220922","148","나, 다니엘 블레이크","9.29","1","40"
"20220922","149","명탐정 코난: 베이커가의 망령","9.29","1","40"
"20220922","150","인생","9.29","1","40"
"20220922","151","공동경비구역 JSA","9.28","1","40"
"20220922","152","천국의 아이들","9.28","1","40"
"20220922","153","자백","9.28","1","40"
"20220922","154","소년시절의 너","9.28","1","40"
"20220922","155","빌리 엘리어트 뮤지컬 라이브","9.28","1","40"
"20220922","156","우리들","9.28","1","40"
"20220922","157","더 코브: 슬픈 돌고래의 진실","9.27","1","40"
"20220922","158","언플랜드","9.27","1","40"
"20220922","159","바람","9.27","1","40"
"20220922","160","맨발의 꿈","9.27","1","40"
"20220922","161","극장판 귀멸의 칼날: 무한열차편","9.27","1","40"
"20220922","162","세상에서 가장 아름다운 이별","9.27","1","40"
"20220922","163","말할 수 없는 비밀","9.27","1","40"
"20220922","164","가타카","9.27","1","40"
"20220922","165","랜드 오브 마인","9.27","1","40"
"20220922","166","취권 2","9.27","1","40"
"20220922","167","퀸 락 몬트리올","9.27","1","40"
"20220922","168","이웃집 토토로","9.27","1","40"
"20220922","169","로마의 휴일","9.27","1","40"
"20220922","170","온리 더 브레이브","9.27","1","40"
"20220922","171","석양의 무법자","9.27","1","40"
"20220922","172","마이클 잭슨의 디스 이즈 잇","9.27","1","40"
"20220922","173","에이트 빌로우","9.26","1","40"
"20220922","174","부활: 그 증거","9.26","1","40"
"20220922","175","도가니","9.26","1","40"
"20220922","176","브레이브하트","9.26","1","40"
"20220922","177","패밀리 맨","9.26","1","40"
"20220922","178","터미네이터","9.26","1","40"
"20220922","179","로보캅","9.25","1","40"
"20220922","180","본 얼티메이텀","9.25","1","40"
"20220922","181","드래곤 길들이기 3","9.25","1","40"
"20220922","182","가위손","9.25","1","40"
"20220922","183","시스터 액트","9.25","1","40"
"20220922","184","또 하나의 약속","9.25","1","40"
"20220922","185","동급생","9.25","1","40"
"20220922","186","바람과 함께 사라지다","9.25","1","40"
"20220922","187","해바라기","9.25","1","40"
"20220922","188","하이 스쿨 뮤지컬: 졸업반","9.25","1","40"
"20220922","189","브링 더 소울 : 더 무비","9.25","1","40"
"20220922","190","신데렐라 맨","9.25","1","40"
"20220922","191","토이 스토리 2","9.25","1","40"
"20220922","192","투게더","9.25","1","40"
"20220922","193","기적","9.25","1","40"
"20220922","194","그랜 토리노","9.25","1","40"
"20220922","195","뷰티풀 마인드","9.25","1","40"
"20220922","196","친정엄마","9.25","1","40"
"20220922","197","아저씨","9.25","1","40"
"20220922","198","광해, 왕이 된 남자","9.25","1","40"
"20220922","199","피아니스트의 전설","9.25","1","40"
"20220922","200","땐뽀걸즈","9.24","1","40"
"20220922","201","쿨 러닝","9.24","1","40"
"20220922","202","인크레더블","9.24","1","40"
"20220922","203","파워 오브 원","9.24","1","40"
"20220922","204","트루맛쇼","9.24","1","40"
"20220922","205","집으로 가는 길","9.24","1","40"
"20220922","206","님아, 그 강을 건너지 마오","9.24","1","40"
"20220922","207","미녀와 야수","9.24","1","40"
"20220922","208","리멤버 타이탄","9.24","1","40"
"20220922","209","12번째 솔저","9.24","1","40"
"20220922","210","스피릿","9.24","1","40"
"20220922","211","아름다운 비행","9.24","1","40"
"20220922","212","극장판 주술회전 0","9.24","1","40"
"20220922","213","갓파 쿠와 여름방학을","9.24","1","40"
"20220922","214","인셉션","9.24","1","40"
"20220922","215","말아톤","9.23","1","40"
"20220922","216","타인의 삶","9.23","1","40"
"20220922","217","마이너리티 리포트","9.23","1","40"
"20220922","218","프린스 앤 프린세스","9.23","1","40"
"20220922","219","미안해요, 리키","9.23","1","40"
"20220922","220","라이언","9.23","1","40"
"20220922","221","마지막 황제","9.23","1","40"
"20220922","222","극장판 헬로카봇 : 백악기 시대","9.23","1","40"
"20220922","223","명탐정 코난: 천공의 난파선","9.23","1","40"
"20220922","224","내겐 너무 소중한 너","9.23","1","40"
"20220922","225","핵소 고지","9.23","1","40"
"20220922","226","킹콩을 들다","9.23","1","40"
"20220922","227","맨 오브 오너","9.23","1","40"
"20220922","228","크림슨 타이드","9.23","1","40"
"20220922","229","1987","9.23","1","40"
"20220922","230","고 녀석 맛나겠다","9.23","1","40"
"20220922","231","크루즈 패밀리","9.23","1","40"
"20220922","232","벤허","9.23","1","40"
"20220922","233","백발마녀전","9.23","1","40"
"20220922","234","잉여들의 히치하이킹","9.23","1","40"
"20220922","235","레드슈즈","9.23","1","40"
"20220922","236","페이스 오프","9.22","1","40"
"20220922","237","특전 유보트","9.22","1","40"
"20220922","238","엽문","9.22","1","40"
"20220922","239","똥파리","9.22","1","40"
"20220922","240","위대한 독재자","9.22","1","40"
"20220922","241","미이라","9.22","1","40"
"20220922","242","이티","9.22","1","40"
"20220922","243","로미오와 줄리엣","9.22","1","40"
"20220922","244","빠삐용","9.22","1","40"
"20220922","245","러빙 빈센트","9.22","1","40"
"20220922","246","인크레더블 2","9.22","1","40"
"20220922","247","빅","9.22","1","40"
"20220922","248","빽 투 더 퓨쳐 2","9.22","1","40"
"20220922","249","사랑과 영혼","9.22","1","40"
"20220922","250","보루토 - 나루토 더 무비","9.22","1","40"
"20220922","251","야쿠자와 가족","9.22","1","40"
"20220922","252","태극기 휘날리며","9.22","1","40"
"20220922","253","칼리토","9.22","1","40"
"20220922","254","콘택트","9.22","1","40"
"20220922","255","니모를 찾아서 3D","9.22","1","40"
"20220922","256","내 사랑","9.21","1","40"
"20220922","257","그린 마일","9.21","1","40"
"20220922","258","나비 효과","9.21","1","40"
"20220922","259","눈의 여왕4","9.21","1","40"
"20220922","260","캐치 미 이프 유 캔","9.21","1","40"
"20220922","261","바이올렛 에버가든 - 영원과 자동 수기 인형 -","9.21","1","40"
"20220922","262","테이큰","9.21","1","40"
"20220922","263","뚜르: 내 생애 최고의 49일","9.21","1","40"
"20220922","264","쥬만지","9.21","1","40"
"20220922","265","오베라는 남자","9.21","1","40"
"20220922","266","대부 2","9.21","1","40"
"20220922","267","스타 이즈 본","9.21","1","40"
"20220922","268","첫 키스만 50번째","9.21","1","40"
"20220922","269","스파이더맨: 뉴 유니버스","9.21","1","40"
"20220922","270","타짜","9.21","1","40"
"20220922","271","슈퍼소닉","9.21","1","40"
"20220922","272","서유기 - 월광보합","9.21","1","40"
"20220922","273","프레데터","9.21","1","40"
"20220922","274","스쿨 오브 락","9.20","1","40"
"20220922","275","라디오 스타","9.20","1","40"
"20220922","276","눈길","9.20","1","40"
"20220922","277","스팅","9.20","1","40"
"20220922","278","페이트 스테이 나이트 헤븐즈필 제3장 스프링 송","9.20","1","40"
"20220922","279","스파이 지니어스","9.20","1","40"
"20220922","280","러브 앳","9.20","1","40"
"20220922","281","천장지구","9.20","1","40"
"20220922","282","어메이징 메리","9.20","1","40"
"20220922","283","어느 가족","9.20","1","40"
"20220922","284","사랑은 비를 타고","9.20","1","40"
"20220922","285","시간을 달리는 소녀","9.20","1","40"
"20220922","286","과속스캔들","9.20","1","40"
"20220922","287","내 어깨 위 고양이, 밥","9.20","1","40"
"20220922","288","대부 3","9.20","1","40"
"20220922","289","공공의 적","9.19","1","40"
"20220922","290","불량소녀, 너를 응원해!","9.19","1","40"
"20220922","291","밴디트","9.19","1","40"
"20220922","292","네고시에이터","9.19","1","40"
"20220922","293","혹성탈출","9.19","1","40"
"20220922","294","크루엘라","9.19","1","40"
"20220922","295","뻐꾸기 둥지 위로 날아간 새","9.19","1","40"
"20220922","296","파수꾼","9.19","1","40"
"20220922","297","파 앤드 어웨이","9.19","1","40"
"20220922","298","너에게 가는 길","9.19","1","40"
"20220922","299","서서평, 천천히 평온하게","9.19","1","40"
"20220922","300","아메리칸 히스토리 X","9.19","1","40"
"20220922","301","해피 투게더","9.19","1","40"
"20220922","302","영웅본색","9.18","1","40"
"20220922","303","어바웃 타임","9.18","1","40"
"20220922","304","킹 오브 프리즘","9.18","1","40"
"20220922","305","오아시스","9.18","1","40"
"20220922","306","헤드윅","9.18","1","40"
"20220922","307","뽀로로 극장판 공룡섬 대모험","9.18","1","40"
"20220922","308","모아나","9.18","1","40"
"20220922","309","트와이스랜드","9.17","1","40"
"20220922","310","플래툰","9.17","1","40"
"20220922","311","인어 공주","9.17","1","40"
"20220922","312","코치 카터","9.17","1","40"
"20220922","313","어 퓨 굿 맨","9.17","1","40"
"20220922","314","체인질링","9.17","1","40"
"20220922","315","칠곡 가시나들","9.17","1","40"
"20220922","316","흑집사 : 북 오브 더 아틀란틱","9.17","1","40"
"20220922","317","사랑의 블랙홀","9.17","1","40"
"20220922","318","제리 맥과이어","9.17","1","40"
"20220922","319","마틸다","9.17","1","40"
"20220922","320","분노의 역류","9.17","1","40"
"20220922","321","하이 스피드! –프리! 스타팅 데이즈","9.16","1","40"
"20220922","322","그래도 내가 하지 않았어","9.16","1","40"
"20220922","323","식코","9.16","1","40"
"20220922","324","일 포스티노","9.16","1","40"
"20220922","325","JFK","9.16","1","40"
"20220922","326","대부","9.16","1","40"
"20220922","327","하이큐!! 재능과 센스","9.16","1","40"
"20220922","328","바울","9.16","1","40"
"20220922","329","귀향","9.16","1","40"
"20220922","330","가디언즈","9.16","1","40"
"20220922","331","쉘 위 댄스","9.15","1","40"
"20220922","332","마스크","9.15","1","40"
"20220922","333","길버트 그레이프","9.15","1","40"
"20220922","334","톰보이","9.15","1","40"
"20220922","335","비상","9.15","1","40"
"20220922","336","조조 래빗","9.15","1","40"
"20220922","337","에너미 오브 스테이트","9.15","1","40"
"20220922","338","아름다운 세상을 위하여","9.14","1","40"
"20220922","339","코렐라인: 비밀의 문","9.14","1","40"
"20220922","340","극장판 공룡메카드: 타이니소어의 섬","9.14","1","40"
"20220922","341","러브 어페어","9.14","1","40"
"20220922","342","범죄도시","9.14","1","40"
"20220922","343","코다","9.14","1","40"
"20220922","344","도망자","9.14","1","40"
"20220922","345","말모이","9.14","1","40"
"20220922","346","패딩턴 2","9.14","1","40"
"20220922","347","설리: 허드슨강의 기적","9.14","1","40"
"20220922","348","첨밀밀","9.14","1","40"
"20220922","349","블러드 다이아몬드","9.14","1","40"
"20220922","350","즐거운 인생","9.14","1","40"
"20220922","351","혐오스런 마츠코의 일생","9.14","1","40"
"20220922","352","귀를 기울이면","9.13","1","40"
"20220922","353","오직 그대만","9.13","1","40"
"20220922","354","국가대표","9.13","1","40"
"20220922","355","그해 여름","9.13","1","40"
"20220922","356","스트레인저 - 무황인담","9.13","1","40"
"20220922","357","스텝 업 3D","9.13","1","40"
"20220922","358","취권","9.13","1","40"
"20220922","359","할머니는 일학년","9.13","1","40"
"20220922","360","아이","9.13","1","40"
"20220922","361","러브레터","9.13","1","40"
"20220922","362","클릭","9.13","1","40"
"20220922","363","후크","9.13","1","40"
"20220922","364","트윈스터즈","9.13","1","40"
"20220922","365","히트","9.13","1","40"
"20220922","366","짱구는 못말려 극장판: 태풍을 부르는 노래하는 엉덩이 폭탄!","9.13","1","40"
"20220922","367","봄날은 간다","9.13","1","40"
"20220922","368","아버지의 이름으로","9.12","1","40"
"20220922","369","겨울왕국","9.12","1","40"
"20220922","370","보물성","9.12","1","40"
"20220922","371","스피드","9.12","1","40"
"20220922","372","와이키키 브라더스","9.12","1","40"
"20220922","373","짱구는 못말려 극장판: 정면승부! 로봇아빠의 역습","9.12","1","40"
"20220922","374","늑대아이","9.12","1","40"
"20220922","375","미션 임파서블: 폴아웃","9.12","1","40"
"20220922","376","뱀파이어와의 인터뷰","9.12","1","40"
"20220922","377","블랙 호크 다운","9.12","1","40"
"20220922","378","철가방 우수氏","9.12","1","40"
"20220922","379","호로비츠를 위하여","9.12","1","40"
"20220922","380","이집트 왕자","9.12","1","40"
"20220922","381","아는 여자","9.12","1","40"
"20220922","382","이터널 선샤인","9.12","1","40"
"20220922","383","에이리언","9.12","1","40"
"20220922","384","써니","9.11","1","40"
"20220922","385","킹 오브 프리즘 프라이드 더 히어로","9.11","1","40"
"20220922","386","나이브스 아웃","9.11","1","40"
"20220922","387","빽 투 더 퓨쳐 3","9.11","1","40"
"20220922","388","스틸 라이프","9.11","1","40"
"20220922","389","드래곤볼 슈퍼: 브로리","9.11","1","40"
"20220922","390","오즈의 마법사","9.11","1","40"
"20220922","391","점박이 한반도의 공룡2 : 새로운 낙원","9.11","1","40"
"20220922","392","피터팬","9.11","1","40"
"20220922","393","분노의 질주: 더 세븐","9.11","1","40"
"20220922","394","우드잡","9.11","1","40"
"20220922","395","스탠 바이 미","9.11","1","40"
"20220922","396","인터스텔라","9.11","1","40"
"20220922","397","카시오페아","9.11","1","40"
"20220922","398","노킹 온 헤븐스 도어","9.11","1","40"
"20220922","399","전투왕","9.11","1","40"
"20220922","400","스타워즈 에피소드 3 - 시스의 복수","9.11","1","40"
"20220922","401","싸이코","9.11","1","40"
"20220922","402","극장판 쿠로코의 농구 라스트 게임","9.11","1","40"
"20220922","403","다키스트 아워","9.11","1","40"
"20220922","404","무간도","9.10","1","40"
"20220922","405","하울의 움직이는 성","9.10","1","40"
"20220922","406","저수지 게임","9.10","1","40"
"20220922","407","빅 히어로","9.10","1","40"
"20220922","408","노팅 힐","9.10","1","40"
"20220922","409","증인","9.10","1","40"
"20220922","410","뮬란","9.10","1","40"
"20220922","411","파이란","9.10","1","40"
"20220922","412","클리프행어","9.10","1","40"
"20220922","413","하치 이야기","9.10","1","40"
"20220922","414","파도가 지나간 자리","9.10","1","40"
"20220922","415","용서받지 못한 자","9.10","1","40"
"20220922","416","웨딩 드레스","9.10","1","40"
"20220922","417","미쓰백","9.10","1","40"
"20220922","418","콘 에어","9.10","1","40"
"20220922","419","7인의 사무라이","9.10","1","40"
"20220922","420","라야와 마지막 드래곤","9.09","1","40"
"20220922","421","용서받지 못한 자","9.09","1","40"
"20220922","422","러브 오브 시베리아","9.09","1","40"
"20220922","423","투캅스 3","9.09","1","40"
"20220922","424","정무문","9.09","1","40"
"20220922","425","아나스타샤","9.09","1","40"
"20220922","426","버킷리스트: 죽기 전에 꼭 하고 싶은 것들","9.09","1","40"
"20220922","427","피의 연대기","9.09","1","40"
"20220922","428","시스터 액트 2","9.09","1","40"
"20220922","429","내일을 향해 쏴라","9.09","1","40"
"20220922","430","피아니스트 세이모어의 뉴욕 소네트","9.09","1","40"
"20220922","431","추격자","9.09","1","40"
"20220922","432","패치 아담스","9.09","1","40"
"20220922","433","글루미 선데이","9.09","1","40"
"20220922","434","샤인","9.09","1","40"
"20220922","435","스타워즈 에피소드 5 - 제국의 역습","9.08","1","40"
"20220922","436","첩혈쌍웅","9.08","1","40"
"20220922","437","조 블랙의 사랑","9.08","1","40"
"20220922","438","호텔 르완다","9.08","1","40"
"20220922","439","언포기버블","9.08","1","40"
"20220922","440","공범자들","9.08","1","40"
"20220922","441","보디가드","9.08","1","40"
"20220922","442","티벳에서의 7년","9.08","1","40"
"20220922","443","인사이드 아웃","9.08","1","40"
"20220922","444","밀리언 달러 베이비","9.08","1","40"
"20220922","445","마이 걸","9.08","1","40"
"20220922","446","너는 내 운명","9.07","1","40"
"20220922","447","에린 브로코비치","9.07","1","40"
"20220922","448","아바타","9.07","1","40"
"20220922","449","로건","9.07","1","40"
"20220922","450","피케이: 별에서 온 얼간이","9.07","1","40"
"20220922","451","책상 서랍 속의 동화","9.07","1","40"
"20220922","452","노트북","9.07","1","40"
"20220922","453","이프 온리","9.07","1","40"
"20220922","454","송가인 더 드라마","9.07","1","40"
"20220922","455","스윗 프랑세즈","9.07","1","40"
"20220922","456","에반게리온: 파","9.07","1","40"
"20220922","457","록키 2","9.07","1","40"
"20220922","458","내 깡패 같은 애인","9.06","1","40"
"20220922","459","캐리비안의 해적 - 블랙 펄의 저주","9.06","1","40"
"20220922","460","아이덴티티","9.06","1","40"
"20220922","461","이연걸의 정무문","9.06","1","40"
"20220922","462","바그다드 카페 : 디렉터스컷","9.06","1","40"
"20220922","463","명탐정 코난: 침묵의 15분","9.06","1","40"
"20220922","464","업그레이드","9.06","1","40"
"20220922","465","블랙","9.06","1","40"
"20220922","466","얼라이브","9.06","1","40"
"20220922","467","하치 이야기","9.06","1","40"
"20220922","468","배트맨 2","9.06","1","40"
"20220922","469","어린 의뢰인","9.06","1","40"
"20220922","470","리얼 스틸","9.06","1","40"
"20220922","471","댄서","9.06","1","40"
"20220922","472","누들","9.05","1","40"
"20220922","473","당신이 잠든 사이에","9.05","1","40"
"20220922","474","식스 센스","9.05","1","40"
"20220922","475","7월 4일생","9.05","1","40"
"20220922","476","아마겟돈","9.05","1","40"
"20220922","477","세븐 데이즈","9.05","1","40"
"20220922","478","다이 하드 3","9.05","1","40"
"20220922","479","극장판 짱구는 못말려: 신혼여행 허리케인~ 사라진 아빠!","9.05","1","40"
"20220922","480","아홉살 인생","9.05","1","40"
"20220922","481","인디아나 존스 - 최후의 성전","9.05","1","40"
"20220922","482","쓰리 세컨즈","9.05","1","40"
"20220922","483","경찰서를 털어라","9.05","1","40"
"20220922","484","서프러제트","9.05","1","40"
"20220922","485","명탐정 코난 : 제로의 집행인","9.05","1","40"
"20220922","486","브루스 올마이티","9.05","1","40"
"20220922","487","젝스키스 에이틴","9.05","1","40"
"20220922","488","제자, 옥한흠","9.05","1","40"
"20220922","489","도신 - 정전자","9.05","1","40"
"20220922","490","불멸의 연인","9.05","1","40"
"20220922","491","메리 크리스마스","9.05","1","40"
"20220922","492","하모니","9.04","1","40"
"20220922","493","올드보이","9.04","1","40"
"20220922","494","월플라워","9.04","1","40"
"20220922","495","가디언","9.04","1","40"
"20220922","496","꽃다발 같은 사랑을 했다","9.04","1","40"
"20220922","497","GROW: 인피니트의 리얼 청춘 라이프","9.04","1","40"
"20220922","498","왕의 남자","9.04","1","40"
"20220922","499","구니스","9.04","1","40"
"20220922","500","크루즈 패밀리: 뉴 에이지","9.04","1","40"
"20220922","501","도니 브래스코","9.04","1","40"
"20220922","502","콜드 마운틴","9.04","1","40"
"20220922","503","레이","9.04","1","40"
"20220922","504","알로, 슈티","9.04","1","40"
"20220922","505","물랑 루즈","9.04","1","40"
"20220922","506","내부자들: 디 오리지널","9.04","1","40"
"20220922","507","나는 고양이로소이다","9.04","1","40"
"20220922","508","호텔 뭄바이","9.04","1","40"
"20220922","509","엑스맨: 퍼스트 클래스","9.04","1","40"
"20220922","510","터보","9.04","1","40"
"20220922","511","볼트","9.04","1","40"
"20220922","512","굿바이","9.04","1","40"
"20220922","513","비긴 어게인","9.04","1","40"
"20220922","514","퍼펙트 월드","9.04","1","40"
"20220922","515","타샤 튜더","9.03","1","40"
"20220922","516","타오르는 여인의 초상","9.03","1","40"
"20220922","517","세컨핸드 라이온스","9.03","1","40"
"20220922","518","서칭 포 슈가맨","9.03","1","40"
"20220922","519","캡틴 필립스","9.03","1","40"
"20220922","520","택시운전사","9.03","1","40"
"20220922","521","케이 팩스","9.03","1","40"
"20220922","522","극장판 도라에몽:신 진구의 버스 오브 재팬","9.03","1","40"
"20220922","523","크로싱","9.03","1","40"
"20220922","524","십계","9.03","1","40"
"20220922","525","온워드: 단 하루의 기적","9.03","1","40"
"20220922","526","스즈미야 하루히의 소실","9.03","1","40"
"20220922","527","조제, 호랑이 그리고 물고기들","9.03","1","40"
"20220922","528","싱 스트리트","9.03","1","40"
"20220922","529","인생 후르츠","9.03","1","40"
"20220922","530","미스비헤이비어","9.03","1","40"
"20220922","531","말레나","9.03","1","40"
"20220922","532","브이 포 벤데타","9.03","1","40"
"20220922","533","더티 댄싱","9.03","1","40"
"20220922","534","에너미 앳 더 게이트","9.03","1","40"
"20220922","535","슈퍼스타 감사용","9.02","1","40"
"20220922","536","인디아나 존스","9.02","1","40"
"20220922","537","다크 나이트 라이즈","9.02","1","40"
"20220922","538","동감","9.02","1","40"
"20220922","539","고양이 춤","9.02","1","40"
"20220922","540","토이 스토리 4","9.02","1","40"
"20220922","541","러시 : 더 라이벌","9.02","1","40"
"20220922","542","성원","9.02","1","40"
"20220922","543","블루 라군","9.02","1","40"
"20220922","544","빅뱅 메이드","9.02","1","40"
"20220922","545","론 서바이버","9.02","1","40"
"20220922","546","결혼 이야기","9.02","1","40"
"20220922","547","진용","9.02","1","40"
"20220922","548","영구와 땡칠이","9.02","1","40"
"20220922","549","사랑의 선물","9.02","1","40"
"20220922","550","쿵푸 팬더","9.02","1","40"
"20220922","551","연평해전","9.02","1","40"
"20220922","552","청설","9.02","1","40"
"20220922","553","원스 어폰 어 타임 인 아메리카","9.02","1","40"
"20220922","554","산이 울다","9.02","1","40"
"20220922","555","미져리","9.02","1","40"
"20220922","556","파리넬리","9.02","1","40"
"20220922","557","빅 피쉬","9.02","1","40"
"20220922","558","로마","9.02","1","40"
"20220922","559","국제시장","9.02","1","40"
"20220922","560","양들의 침묵","9.02","1","40"
"20220922","561","원피스 극장판 제트","9.02","1","40"
"20220922","562","하이큐!! 승자와 패자","9.01","1","40"
"20220922","563","마다가스카3 : 이번엔 서커스다!","9.01","1","40"
"20220922","564","마이 시스터즈 키퍼","9.01","1","40"
"20220922","565","어네스트와 셀레스틴","9.01","1","40"
"20220922","566","인사이드 잡","9.01","1","40"
"20220922","567","툴리","9.01","1","40"
"20220922","568","홈","9.01","1","40"
"20220922","569","그 시절, 우리가 좋아했던 소녀","9.01","1","40"
"20220922","570","끝까지 간다","9.01","1","40"
"20220922","571","고스트 메신저 극장판","9.01","1","40"
"20220922","572","레인 맨","9.01","1","40"
"20220922","573","명탐정 코난: 칠흑의 추적자","9.01","1","40"
"20220922","574","독수리 에디","9.01","1","40"
"20220922","575","베테랑","9.01","1","40"
"20220922","576","룸","9.01","1","40"
"20220922","577","마녀 배달부 키키","9.01","1","40"
"20220922","578","델마와 루이스","9.00","1","40"
"20220922","579","어거스트 러쉬","9.00","1","40"
"20220922","580","박하사탕","9.00","1","40"
"20220922","581","인턴","9.00","1","40"
"20220922","582","안녕, 나의 소울메이트","9.00","1","40"
"20220922","583","K-19 위도우메이커","9.00","1","40"
"20220922","584","개를 훔치는 완벽한 방법","9.00","1","40"
"20220922","585","스타워즈 에피소드 4 - 새로운 희망","9.00","1","40"
"20220922","586","변호인","9.00","1","40"
"20220922","587","더 파더","9.00","1","40"
"20220922","588","수상한 그녀","9.00","1","40"
"20220922","589","선생 김봉두","9.00","1","40"
"20220922","590","코알라","9.00","1","40"
"20220922","591","파이브 피트","9.00","1","40"
"20220922","592","세상을 바꾼 변호인","9.00","1","40"
"20220922","593","씨 인사이드","9.00","1","40"
"20220922","594","미션 임파서블","9.00","1","40"
"20220922","595","스타쉽 트루퍼스","9.00","1","40"
"20220922","596","루카","9.00","1","40"
"20220922","597","메리와 맥스","9.00","1","40"
"20220922","598","스타워즈 에피소드 6 - 제다이의 귀환","9.00","1","40"
"20220922","599","아메리칸 뷰티","9.00","1","40"
"20220922","600","내부자들","9.00","1","40"
"20220922","601","휘트니","9.00","1","40"
"20220922","602","브레이크다운","9.00","1","40"
"20220922","603","골!","9.00","1","40"
"20220922","604","천녀유혼 3","8.99","1","40"
"20220922","605","조제, 호랑이 그리고 물고기들","8.99","1","40"
"20220922","606","새미의 어드벤쳐","8.99","1","40"
"20220922","607","다이노소어 어드벤처 3D","8.99","1","40"
"20220922","608","카우보이 비밥 - 천국의 문","8.99","1","40"
"20220922","609","소스 코드","8.99","1","40"
"20220922","610","스플릿","8.99","1","40"
"20220922","611","마법에 걸린 사랑","8.99","1","40"
"20220922","612","내 마음의 풍금","8.99","1","40"
"20220922","613","연애소설","8.99","1","40"
"20220922","614","명탐정 코난: 순흑의 악몽","8.99","1","40"
"20220922","615","원스","8.99","1","40"
"20220922","616","벅스 라이프","8.99","1","40"
"20220922","617","더 헌트","8.99","1","40"
"20220922","618","내 이야기!!","8.99","1","40"
"20220922","619","말하는 건축가","8.99","1","40"
"20220922","620","극장판 마법소녀 마도카☆마기카 [전편] 시작의 이야기","8.98","1","40"
"20220922","621","불꽃 슛 통키","8.98","1","40"
"20220922","622","레인 오버 미","8.98","1","40"
"20220922","623","터미널","8.98","1","40"
"20220922","624","씽","8.98","1","40"
"20220922","625","슈퍼배드","8.98","1","40"
"20220922","626","울학교 이티","8.98","1","40"
"20220922","627","오버 더 레인보우","8.98","1","40"
"20220922","628","디스트릭트 9","8.98","1","40"
"20220922","629","곰돌이 푸 다시 만나 행복해","8.98","1","40"
"20220922","630","번지 점프를 하다","8.98","1","40"
"20220922","631","록 스탁 앤 투 스모킹 배럴즈","8.98","1","40"
"20220922","632","암살","8.98","1","40"
"20220922","633","선물","8.98","1","40"
"20220922","634","김정일리아","8.98","1","40"
"20220922","635","카","8.97","1","40"
"20220922","636","남매의 여름밤","8.97","1","40"
"20220922","637","진링의 13소녀","8.97","1","40"
"20220922","638","시카고","8.97","1","40"
"20220922","639","해피 피트 2","8.97","1","40"
"20220922","640","더 리더: 책 읽어주는 남자","8.97","1","40"
"20220922","641","맘마미아!2","8.97","1","40"
"20220922","642","이별의 아침에 약속의 꽃을 장식하자","8.97","1","40"
"20220922","643","담보","8.97","1","40"
"20220922","644","영웅본색 2","8.97","1","40"
"20220922","645","본 슈프리머시","8.97","1","40"
"20220922","646","불가사리","8.97","1","40"
"20220922","647","킹콩","8.97","1","40"
"20220922","648","종횡사해","8.97","1","40"
"20220922","649","루키","8.97","1","40"
"20220922","650","태양의 노래","8.97","1","40"
"20220922","651","어벤져스: 인피니티 워","8.96","1","40"
"20220922","652","솔드 아웃","8.96","1","40"
"20220922","653","배트맨 비긴즈","8.96","1","40"
"20220922","654","미션","8.96","1","40"
"20220922","655","스노우 워커","8.96","1","40"
"20220922","656","극장판 사이코패스","8.96","1","40"
"20220922","657","극장판 포켓몬스터 모두의 이야기","8.96","1","40"
"20220922","658","윤희에게","8.96","1","40"
"20220922","659","마음이...","8.96","1","40"
"20220922","660","인비저블 게스트","8.96","1","40"
"20220922","661","우리 학교","8.96","1","40"
"20220922","662","5일의 마중","8.96","1","40"
"20220922","663","오만과 편견","8.96","1","40"
"20220922","664","황혼의 사무라이","8.96","1","40"
"20220922","665","무간도 3 - 종극무간","8.96","1","40"
"20220922","666","거인","8.96","1","40"
"20220922","667","엣지 오브 투모로우","8.96","1","40"
"20220922","668","흐르는 강물처럼","8.96","1","40"
"20220922","669","미스 리틀 선샤인","8.96","1","40"
"20220922","670","어디갔어, 버나뎃","8.96","1","40"
"20220922","671","스타트렉 다크니스","8.95","1","40"
"20220922","672","분노의 질주: 더 익스트림","8.95","1","40"
"20220922","673","그것만이 내 세상","8.95","1","40"
"20220922","674","파인딩 포레스터","8.95","1","40"
"20220922","675","벤자민 버튼의 시간은 거꾸로 간다","8.95","1","40"
"20220922","676","나의 특별한 형제","8.95","1","40"
"20220922","677","고장난 론","8.95","1","40"
"20220922","678","시","8.95","1","40"
"20220922","679","스파이더맨","8.95","1","40"
"20220922","680","피아노의 숲","8.95","1","40"
"20220922","681","극장판 소드 아트 온라인 -오디널 스케일-","8.95","1","40"
"20220922","682","행복을 찾아서","8.95","1","40"
"20220922","683","주먹이 운다","8.95","1","40"
"20220922","684","극장판 나루토 질풍전: 로드 투 닌자","8.95","1","40"
"20220922","685","대니쉬 걸","8.94","1","40"
"20220922","686","분노의 질주: 언리미티드","8.94","1","40"
"20220922","687","매디슨 카운티의 다리","8.94","1","40"
"20220922","688","가부와 메이 이야기","8.94","1","40"
"20220922","689","스윙걸즈","8.94","1","40"
"20220922","690","라스트 모히칸","8.94","1","40"
"20220922","691","원초적 본능","8.94","1","40"
"20220922","692","죠스","8.94","1","40"
"20220922","693","극장판 포켓몬스터 베스트위시 : 신의 속도 게노세크트, 뮤츠의 각성","8.94","1","40"
"20220922","694","도라에몽: 스탠바이미 2","8.94","1","40"
"20220922","695","앨빈과 슈퍼밴드","8.94","1","40"
"20220922","696","가디언즈 오브 갤럭시 VOL. 2","8.94","1","40"
"20220922","697","인어 공주","8.94","1","40"
"20220922","698","비투스","8.94","1","40"
"20220922","699","보스 베이비 2","8.94","1","40"
"20220922","700","퍼펙트 게임","8.94","1","40"
"20220922","701","키즈 리턴","8.94","1","40"
"20220922","702","A-특공대","8.94","1","40"
"20220922","703","리틀 보이","8.94","1","40"
"20220922","704","그날, 바다","8.94","1","40"
"20220922","705","파니 핑크","8.94","1","40"
"20220922","706","초콜릿","8.94","1","40"
"20220922","707","루이스","8.94","1","40"
"20220922","708","신세계","8.93","1","40"
"20220922","709","나는 내일, 어제의 너와 만난다","8.93","1","40"
"20220922","710","미쓰 와이프","8.93","1","40"
"20220922","711","리오","8.93","1","40"
"20220922","712","하녀","8.93","1","40"
"20220922","713","이보다 더 좋을 순 없다","8.93","1","40"
"20220922","714","제8요일","8.93","1","40"
"20220922","715","덤보","8.93","1","40"
"20220922","716","서치","8.93","1","40"
"20220922","717","씨민과 나데르의 별거","8.93","1","40"
"20220922","718","우린 액션배우다","8.93","1","40"
"20220922","719","초콜렛 도넛","8.93","1","40"
"20220922","720","아이언맨","8.93","1","40"
"20220922","721","천녀유혼 2","8.93","1","40"
"20220922","722","스포트라이트","8.93","1","40"
"20220922","723","디어 헌터","8.92","1","40"
"20220922","724","하이큐!! 끝과 시작","8.92","1","40"
"20220922","725","스카페이스","8.92","1","40"
"20220922","726","비밥바룰라","8.92","1","40"
"20220922","727","존 큐","8.92","1","40"
"20220922","728","뜨거운 안녕","8.92","1","40"
"20220922","729","소년은 울지 않는다","8.92","1","40"
"20220922","730","여행자","8.92","1","40"
"20220922","731","게임의 법칙","8.92","1","40"
"20220922","732","호밀밭의 반항아","8.92","1","40"
"20220922","733","러브 액츄얼리","8.92","1","40"
"20220922","734","노무현입니다","8.92","1","40"
"20220922","735","캡틴 아메리카: 윈터 솔져","8.91","1","40"
"20220922","736","투 브라더스","8.91","1","40"
"20220922","737","마담 프루스트의 비밀정원","8.91","1","40"
"20220922","738","원피스 필름 골드","8.91","1","40"
"20220922","739","람보","8.91","1","40"
"20220922","740","드래곤 길들이기 2","8.91","1","40"
"20220922","741","캐리비안의 해적 - 망자의 함","8.91","1","40"
"20220922","742","소림축구","8.91","1","40"
"20220922","743","무서운 집","8.91","1","40"
"20220922","744","꼬마 니콜라","8.91","1","40"
"20220922","745","기쿠지로의 여름","8.91","1","40"
"20220922","746","얼라이드","8.91","1","40"
"20220922","747","볼케이노","8.91","1","40"
"20220922","748","추억의 마니","8.91","1","40"
"20220922","749","다이 하드 4.0","8.90","1","40"
"20220922","750","부러진 화살","8.90","1","40"
"20220922","751","1917","8.90","1","40"
"20220922","752","내니 맥피 2 - 유모와 마법소동","8.90","1","40"
"20220922","753","엘리트 스쿼드 2","8.90","1","40"
"20220922","754","다만, 널 사랑하고 있어","8.90","1","40"
"20220922","755","배심원들","8.90","1","40"
"20220922","756","페어리테일: 봉황의 무녀","8.90","1","40"
"20220922","757","48미터","8.90","1","40"
"20220922","758","록키 발보아","8.90","1","40"
"20220922","759","개 같은 내 인생","8.90","1","40"
"20220922","760","장수상회","8.90","1","40"
"20220922","761","태양 아래","8.90","1","40"
"20220922","762","바르다가 사랑한 얼굴들","8.90","1","40"
"20220922","763","극장판 슈타인즈 게이트: 부하영역의 데자뷰","8.90","1","40"
"20220922","764","100일 동안 100가지로 100퍼센트 행복찾기","8.90","1","40"
"20220922","765","에버 애프터","8.90","1","40"
"20220922","766","미드나잇 선","8.90","1","40"
"20220922","767","서편제","8.90","1","40"
"20220922","768","그날 본 꽃의 이름을 우리는 아직 모른다","8.90","1","40"
"20220922","769","좋은 친구들","8.90","1","40"
"20220922","770","극장판 유희왕 더 다크 사이드 오브 디멘션즈","8.90","1","40"
"20220922","771","그녀를 믿지 마세요","8.89","1","40"
"20220922","772","앙: 단팥 인생 이야기","8.89","1","40"
"20220922","773","중경삼림","8.89","1","40"
"20220922","774","더 데이","8.89","1","40"
"20220922","775","해리 포터와 비밀의 방","8.89","1","40"
"20220922","776","웰컴 투 동막골","8.89","1","40"
"20220922","777","레이더스","8.89","1","40"
"20220922","778","극장판 파워레인저: 닌자포스 VS 트레인포스 닌자 인 원더랜드","8.89","1","40"
"20220922","779","노다메 칸타빌레 최종악장","8.89","1","40"
"20220922","780","U-571","8.89","1","40"
"20220922","781","사랑 후에 남겨진 것들","8.89","1","40"
"20220922","782","쉬리","8.89","1","40"
"20220922","783","굿바이 레닌","8.89","1","40"
"20220922","784","스파이 게임","8.88","1","40"
"20220922","785","헬로우 고스트","8.88","1","40"
"20220922","786","슈렉","8.88","1","40"
"20220922","787","1급기밀","8.88","1","40"
"20220922","788","쉬즈 더 맨","8.88","1","40"
"20220922","789","극장판 도라에몽: 진구와 철인군단 날아라 천사들","8.88","1","40"
"20220922","790","미이라 2","8.88","1","40"
"20220922","791","...ing","8.88","1","40"
"20220922","792","엑스맨: 데이즈 오브 퓨처 패스트","8.88","1","40"
"20220922","793","이퀼리브리엄","8.88","1","40"
"20220922","794","페르디난드","8.88","1","40"
"20220922","795","아무도 모른다","8.88","1","40"
"20220922","796","앨빈과 슈퍼밴드 2","8.88","1","40"
"20220922","797","우리는 동물원을 샀다","8.88","1","40"
"20220922","798","와일드 카드","8.87","1","40"
"20220922","799","마당을 나온 암탉","8.87","1","40"
"20220922","800","팀 버튼의 크리스마스 악몽","8.87","1","40"
"20220922","801","트루 라이즈","8.87","1","40"
"20220922","802","심연","8.87","1","40"
"20220922","803","첫잔처럼","8.87","1","40"
"20220922","804","프라미싱 영 우먼","8.87","1","40"
"20220922","805","콜 오브 와일드","8.87","1","40"
"20220922","806","라이프 오브 파이","8.87","1","40"
"20220922","807","프리 가이","8.87","1","40"
"20220922","808","복수혈전","8.87","1","40"
"20220922","809","그렇게 아버지가 된다","8.87","1","40"
"20220922","810","프렌즈: 몬스터 섬의 비밀","8.87","1","40"
"20220922","811","청원","8.87","1","40"
"20220922","812","프라이멀 피어","8.87","1","40"
"20220922","813","의형제","8.87","1","40"
"20220922","814","아웃포스트","8.86","1","40"
"20220922","815","명탐정 코난: 은빛 날개의 마술사","8.86","1","40"
"20220922","816","드리머","8.86","1","40"
"20220922","817","천사의 사랑","8.86","1","40"
"20220922","818","댄싱퀸","8.86","1","40"
"20220922","819","해리가 샐리를 만났을 때","8.86","1","40"
"20220922","820","디태치먼트","8.86","1","40"
"20220922","821","바닐라 스카이","8.86","1","40"
"20220922","822","천로역정: 천국을 찾아서","8.86","1","40"
"20220922","823","비포 선라이즈","8.86","1","40"
"20220922","824","아이언맨 3","8.86","1","40"
"20220922","825","맨 온 파이어","8.86","1","40"
"20220922","826","델타 보이즈","8.86","1","40"
"20220922","827","슈퍼노바 지구 탈출기","8.85","1","40"
"20220922","828","춘희막이","8.85","1","40"
"20220922","829","순정","8.85","1","40"
"20220922","830","트랜스포머","8.85","1","40"
"20220922","831","사탄의 인형","8.85","1","40"
"20220922","832","각설탕","8.85","1","40"
"20220922","833","트레인스포팅","8.85","1","40"
"20220922","834","일일시호일","8.85","1","40"
"20220922","835","그 여자 작사 그 남자 작곡","8.85","1","40"
"20220922","836","영화는 영화다","8.85","1","40"
"20220922","837","내 머리 속의 지우개","8.84","1","40"
"20220922","838","토르: 라그나로크","8.84","1","40"
"20220922","839","짱구는 못말려 극장판: 폭풍수면! 꿈꾸는 세계 대돌격","8.84","1","40"
"20220922","840","우먼 인 골드","8.84","1","40"
"20220922","841","스왈로우테일 버터플라이","8.84","1","40"
"20220922","842","예스 맨","8.84","1","40"
"20220922","843","나의 소녀시대","8.84","1","40"
"20220922","844","글러브","8.84","1","40"
"20220922","845","LA 컨피덴셜","8.84","1","40"
"20220922","846","쿼바디스","8.84","1","40"
"20220922","847","데블스 에드버킷","8.84","1","40"
"20220922","848","굿모닝 맨하탄","8.84","1","40"
"20220922","849","리틀 포레스트","8.84","1","40"
"20220922","850","어느 날, 사랑이 걸어왔다","8.84","1","40"
"20220922","851","짱구는 못말려 극장판: 초시공! 태풍을 부르는 나의 신부","8.84","1","40"
"20220922","852","극장판 포켓몬스터 너로 정했다!","8.84","1","40"
"20220922","853","라스트 미션","8.84","1","40"
"20220922","854","여배우는 오늘도","8.84","1","40"
"20220922","855","파이터","8.84","1","40"
"20220922","856","희극지왕","8.84","1","40"
"20220922","857","무사","8.84","1","40"
"20220922","858","시티 오브 갓","8.84","1","40"
"20220922","859","트롤: 월드 투어","8.84","1","40"
"20220922","860","지구를 지켜라!","8.84","1","40"
"20220922","861","연인","8.84","1","40"
"20220922","862","토탈 리콜","8.84","1","40"
"20220922","863","페이스 메이커","8.84","1","40"
"20220922","864","미스터트롯: 더 무비","8.84","1","40"
"20220922","865","라스트 듀얼: 최후의 결투","8.84","1","40"
"20220922","866","초록물고기","8.84","1","40"
"20220922","867","틱, 틱... 붐!","8.84","1","40"
"20220922","868","블랙북","8.83","1","40"
"20220922","869","믿음의 승부","8.83","1","40"
"20220922","870","원피스 극장판: 스트롱 월드","8.83","1","40"
"20220922","871","족벌 두 신문 이야기","8.83","1","40"
"20220922","872","엘비스","8.83","1","40"
"20220922","873","달콤한 인생","8.83","1","40"
"20220922","874","코요테 어글리","8.83","1","40"
"20220922","875","처음 만나는 자유","8.83","1","40"
"20220922","876","미션 임파서블 3","8.83","1","40"
"20220922","877","크레이지 뷰티풀","8.83","1","40"
"20220922","878","빅풋 주니어","8.83","1","40"
"20220922","879","김복동","8.83","1","40"
"20220922","880","7번방의 선물","8.83","1","40"
"20220922","881","12 몽키즈","8.83","1","40"
"20220922","882","패트리어트 - 늪 속의 여우","8.83","1","40"
"20220922","883","잔칫날","8.83","1","40"
"20220922","884","약속","8.83","1","40"
"20220922","885","매트릭스 2 - 리로디드","8.83","1","40"
"20220922","886","미라클 벨리에","8.82","1","40"
"20220922","887","트럼보","8.82","1","40"
"20220922","888","스탠바이, 웬디","8.82","1","40"
"20220922","889","에이미","8.82","1","40"
"20220922","890","슬럼독 밀리어네어","8.82","1","40"
"20220922","891","작은 아씨들","8.82","1","40"
"20220922","892","8 마일","8.82","1","40"
"20220922","893","비트","8.82","1","40"
"20220922","894","다크 워터스","8.82","1","40"
"20220922","895","계춘할망","8.81","1","40"
"20220922","896","아일랜드","8.81","1","40"
"20220922","897","고양이를 부탁해","8.81","1","40"
"20220922","898","매드맥스: 분노의 도로","8.81","1","40"
"20220922","899","바스켓볼 다이어리","8.81","1","40"
"20220922","900","메멘토","8.81","1","40"
"20220922","901","스파이더맨 2","8.81","1","40"
"20220922","902","킹스맨 : 시크릿 에이전트","8.81","1","40"
"20220922","903","제5원소","8.81","1","40"
"20220922","904","천문: 하늘에 묻는다","8.81","1","40"
"20220922","905","폴라 익스프레스","8.81","1","40"
"20220922","906","너의 이름은.","8.81","1","40"
"20220922","907","10분","8.81","1","40"
"20220922","908","더티 댄싱 - 하바나 나이트","8.81","1","40"
"20220922","909","스타더스트","8.81","1","40"
"20220922","910","화양연화","8.81","1","40"
"20220922","911","집으로 가는 길","8.81","1","40"
"20220922","912","레퀴엠","8.81","1","40"
"20220922","913","스트레이트 아웃 오브 컴턴","8.80","1","40"
"20220922","914","아멜리에","8.80","1","40"
"20220922","915","위플래쉬","8.80","1","40"
"20220922","916","락앤롤 보트","8.80","1","40"
"20220922","917","뽀로로 극장판 컴퓨터 왕국 대모험","8.80","1","40"
"20220922","918","극장판 도라에몽:진구의 남극 꽁꽁 대모험","8.80","1","40"
"20220922","919","드라큐라","8.80","1","40"
"20220922","920","카사블랑카","8.80","1","40"
"20220922","921","분노의 질주: 더 맥시멈","8.80","1","40"
"20220922","922","라이어 라이어","8.80","1","40"
"20220922","923","말죽거리 잔혹사","8.80","1","40"
"20220922","924","어벤져스","8.80","1","40"
"20220922","925","두레소리","8.80","1","40"
"20220922","926","스파이","8.80","1","40"
"20220922","927","쓰리 빌보드","8.80","1","40"
"20220922","928","죽여주는 여자","8.80","1","40"
"20220922","929","부에나 비스타 소셜 클럽","8.80","1","40"
"20220922","930","완득이","8.79","1","40"
"20220922","931","미드웨이","8.79","1","40"
"20220922","932","한공주","8.79","1","40"
"20220922","933","극장판 요괴워치: 탄생의 비밀이다냥!","8.79","1","40"
"20220922","934","비열한 거리","8.79","1","40"
"20220922","935","배트맨","8.79","1","40"
"20220922","936","소공녀","8.79","1","40"
"20220922","937","파이트 클럽","8.79","1","40"
"20220922","938","바람의 소리","8.79","1","40"
"20220922","939","미녀는 괴로워","8.79","1","40"
"20220922","940","브리짓 존스의 베이비","8.79","1","40"
"20220922","941","이번 일요일에","8.79","1","40"
"20220922","942","타마코 러브 스토리","8.79","1","40"
"20220922","943","이미테이션 게임","8.79","1","40"
"20220922","944","오픈 유어 아이즈","8.79","1","40"
"20220922","945","찰리와 초콜릿 공장","8.79","1","40"
"20220922","946","나우 이즈 굿","8.79","1","40"
"20220922","947","집오리와 들오리의 코인로커","8.79","1","40"
"20220922","948","라스베가스를 떠나며","8.79","1","40"
"20220922","949","루돌프와 많이있어","8.79","1","40"
"20220922","950","범죄의 재구성","8.78","1","40"
"20220922","951","굿 다이노","8.78","1","40"
"20220922","952","크게 될 놈","8.78","1","40"
"20220922","953","달라스 바이어스 클럽","8.78","1","40"
"20220922","954","아이, 로봇","8.78","1","40"
"20220922","955","봄 여름 가을 겨울 그리고 봄","8.78","1","40"
"20220922","956","라빠르망","8.78","1","40"
"20220922","957","극장판 루팡 3세 VS 명탐정 코난","8.78","1","40"
"20220922","958","심슨 가족, 더 무비","8.78","1","40"
"20220922","959","명탐정 코난: 비색의 탄환","8.78","1","40"
"20220922","960","미녀와 야수","8.78","1","40"
"20220922","961","스테이션 7","8.78","1","40"
"20220922","962","메가마인드","8.78","1","40"
"20220922","963","서태지 심포니","8.78","1","40"
"20220922","964","극장판 요괴워치 섀도사이드: 도깨비왕의 부활","8.78","1","40"
"20220922","965","비포 선셋","8.78","1","40"
"20220922","966","명탐정 코난:진홍의 연가","8.78","1","40"
"20220922","967","극장판 포켓 몬스터 DP - 환영의 패왕 조로아크","8.78","1","40"
"20220922","968","더 포스트","8.78","1","40"
"20220922","969","김씨 표류기","8.78","1","40"
"20220922","970","찬실이는 복도 많지","8.78","1","40"
"20220922","971","아홉 스님","8.77","1","40"
"20220922","972","출국","8.77","1","40"
"20220922","973","박치기!","8.77","1","40"
"20220922","974","아이스 에이지 3: 공룡시대","8.77","1","40"
"20220922","975","극장판 도라에몽: 진구의 보물섬","8.77","1","40"
"20220922","976","장화, 홍련","8.77","1","40"
"20220922","977","썬더와 마법저택","8.77","1","40"
"20220922","978","박사가 사랑한 수식","8.77","1","40"
"20220922","979","스파이더맨: 노 웨이 홈","8.77","1","40"
"20220922","980","불편한 진실","8.77","1","40"
"20220922","981","액트 오브 킬링","8.77","1","40"
"20220922","982","어바웃 어 보이","8.77","1","40"
"20220922","983","나의 사랑, 그리스","8.77","1","40"
"20220922","984","스텝업4 : 레볼루션","8.77","1","40"
"20220922","985","다음 침공은 어디?","8.77","1","40"
"20220922","986","여름날 우리","8.77","1","40"
"20220922","987","알 포인트","8.77","1","40"
"20220922","988","가장 따뜻한 색, 블루","8.77","1","40"
"20220922","989","리즈와 파랑새","8.77","1","40"
"20220922","990","혹성탈출: 진화의 시작","8.77","1","40"
"20220922","991","데이비드 게일","8.77","1","40"
"20220922","992","내겐 너무 가벼운 그녀","8.77","1","40"
"20220922","993","패트리어트 데이","8.77","1","40"
"20220922","994","극장판 명탐정 코난:탐정들의 진혼가","8.77","1","40"
"20220922","995","극장판 원피스 스탬피드","8.76","1","40"
"20220922","996","펄프 픽션","8.76","1","40"
"20220922","997","란도리","8.76","1","40"
"20220922","998","한산: 용의 출현","8.76","1","40"
"20220922","999","김복남 살인사건의 전말","8.76","1","40"
"20220922","1000","인 어 베러 월드","8.76","1","40"
"20220922","1001","엘프","8.76","1","40"
"20220922","1002","딥 임팩트","8.76","1","40"
"20220922","1003","에픽 : 숲속의 전설","8.76","1","40"
"20220922","1004","슈퍼배드 2","8.76","1","40"
"20220922","1005","마이펫의 이중생활2","8.76","1","40"
"20220922","1006","워크 투 리멤버","8.76","1","40"
"20220922","1007","해리 포터와 아즈카반의 죄수","8.76","1","40"
"20220922","1008","몬태나","8.76","1","40"
"20220922","1009","애자","8.76","1","40"
"20220922","1010","사이비","8.75","1","40"
"20220922","1011","아메리칸 셰프","8.75","1","40"
"20220922","1012","도라에몽:스탠바이미","8.75","1","40"
"20220922","1013","본 아이덴티티","8.75","1","40"
"20220922","1014","도그빌","8.75","1","40"
"20220922","1015","피터 래빗","8.75","1","40"
"20220922","1016","브링 잇 온","8.75","1","40"
"20220922","1017","지금 만나러 갑니다","8.75","1","40"
"20220922","1018","크리스마스에 기적을 만날 확률","8.75","1","40"
"20220922","1019","공수도","8.75","1","40"
"20220922","1020","대니 콜린스","8.75","1","40"
"20220922","1021","고야의 유령","8.74","1","40"
"20220922","1022","후 아 유","8.74","1","40"
"20220922","1023","사랑은 비가 갠 뒤처럼","8.74","1","40"
"20220922","1024","보이후드","8.74","1","40"
"20220922","1025","아기배달부 스토크","8.74","1","40"
"20220922","1026","극장판 헬로카봇:옴파로스 섬의 비밀","8.74","1","40"
"20220922","1027","오페라의 유령","8.74","1","40"
"20220922","1028","어드리프트:우리가 함께한 바다","8.74","1","40"
"20220922","1029","벌새","8.74","1","40"
"20220922","1030","넛잡 2","8.74","1","40"
"20220922","1031","퍼펙트 블루","8.74","1","40"
"20220922","1032","미션 임파서블 : 고스트 프로토콜","8.74","1","40"
"20220922","1033","미션 임파서블: 로그네이션","8.74","1","40"
"20220922","1034","포켓몬 더 무비 XY 후파: 광륜의 초마신","8.74","1","40"
"20220922","1035","터닝메카드W: 블랙미러의 부활","8.74","1","40"
"20220922","1036","네버랜드를 찾아서","8.74","1","40"
"20220922","1037","월터의 상상은 현실이 된다","8.74","1","40"
"20220922","1038","다이 하드 2","8.74","1","40"
"20220922","1039","블레이드 2","8.74","1","40"
"20220922","1040","콘스탄틴","8.74","1","40"
"20220922","1041","리플리","8.73","1","40"
"20220922","1042","본 투 비 블루","8.73","1","40"
"20220922","1043","빨간 구두","8.73","1","40"
"20220922","1044","바닷마을 다이어리","8.73","1","40"
"20220922","1045","채비","8.73","1","40"
"20220922","1046","현기증","8.73","1","40"
"20220922","1047","프리키 프라이데이","8.73","1","40"
"20220922","1048","봄","8.73","1","40"
"20220922","1049","더 페이버릿: 여왕의 여자","8.73","1","40"
"20220922","1050","블레이드 러너","8.73","1","40"
"20220922","1051","슈퍼 프렌즈","8.73","1","40"
"20220922","1052","인피니트 콘서트 세컨드 인베이전 에볼루션 더 무비 3D","8.73","1","40"
"20220922","1053","진짜로 일어날지도 몰라 기적","8.73","1","40"
"20220922","1054","브레이킹 던 part2","8.73","1","40"
"20220922","1055","시라노; 연애조작단","8.72","1","40"
"20220922","1056","러시 아워","8.72","1","40"
"20220922","1057","메밀꽃, 운수 좋은 날, 그리고 봄봄","8.72","1","40"
"20220922","1058","안녕! 유에프오","8.72","1","40"
"20220922","1059","신데렐라 스토리","8.72","1","40"
"20220922","1060","보글보글 스폰지 밥","8.72","1","40"
"20220922","1061","탑건","8.72","1","40"
"20220922","1062","아티스트","8.72","1","40"
"20220922","1063","러덜리스","8.72","1","40"
"20220922","1064","위로공단","8.72","1","40"
"20220922","1065","데이라잇","8.72","1","40"
"20220922","1066","스텝 업","8.72","1","40"
"20220922","1067","언노운 우먼","8.72","1","40"
"20220922","1068","포켓몬 더 무비 XY&Z 「볼케니온 : 기계왕국의 비밀」","8.72","1","40"
"20220922","1069","남자가 사랑할 때","8.72","1","40"
"20220922","1070","아이리시맨","8.72","1","40"
"20220922","1071","로드 무비","8.72","1","40"
"20220922","1072","아더 크리스마스","8.72","1","40"
"20220922","1073","세라비, 이것이 인생!","8.72","1","40"
"20220922","1074","닥터 스트레인지","8.72","1","40"
"20220922","1075","스트레인저 댄 픽션","8.72","1","40"
"20220922","1076","의천도룡기","8.72","1","40"
"20220922","1077","블랙 스완","8.72","1","40"
"20220922","1078","그을린 사랑","8.71","1","40"
"20220922","1079","당신, 거기 있어줄래요","8.71","1","40"
"20220922","1080","신비아파트: 금빛 도깨비와 비밀의 동굴","8.71","1","40"
"20220922","1081","아모레스 페로스","8.71","1","40"
"20220922","1082","울고 싶은 나는 고양이 가면을 쓴다","8.71","1","40"
"20220922","1083","맨체스터 바이 더 씨","8.71","1","40"
"20220922","1084","레고 무비2","8.71","1","40"
"20220922","1085","귀여운 여인","8.71","1","40"
"20220922","1086","버스, 정류장","8.71","1","40"
"20220922","1087","큐브","8.71","1","40"
"20220922","1088","부르고뉴, 와인에서 찾은 인생","8.71","1","40"
"20220922","1089","미운 오리 새끼","8.71","1","40"
"20220922","1090","러시 아워 2","8.71","1","40"
"20220922","1091","쿵푸 팬더 2","8.71","1","40"
"20220922","1092","히노키오","8.71","1","40"
"20220922","1093","유브 갓 메일","8.71","1","40"
"20220922","1094","엽문 2","8.71","1","40"
"20220922","1095","악마는 프라다를 입는다","8.71","1","40"
"20220922","1096","버팔로 66","8.71","1","40"
"20220922","1097","공조2: 인터내셔날","8.71","1","40"
"20220922","1098","치킨 런","8.71","1","40"
"20220922","1099","아메리칸 스나이퍼","8.71","1","40"
"20220922","1100","모리타니안","8.71","1","40"
"20220922","1101","워리어","8.71","1","40"
"20220922","1102","몬스터 대학교","8.70","1","40"
"20220922","1103","미술관 옆 동물원","8.70","1","40"
"20220922","1104","우리들의 행복한 시간","8.70","1","40"
"20220922","1105","접속","8.70","1","40"
"20220922","1106","13 구역","8.70","1","40"
"20220922","1107","엘 시크레토: 비밀의 눈동자","8.70","1","40"
"20220922","1108","해가 서쪽에서 뜬다면","8.70","1","40"
"20220922","1109","공각기동대","8.70","1","40"
"20220922","1110","허브","8.70","1","40"
"20220922","1111","딥 블루 씨","8.70","1","40"
"20220922","1112","부당거래","8.70","1","40"
"20220922","1113","우리집","8.70","1","40"
"20220922","1114","크리드 2","8.70","1","40"
"20220922","1115","알리타: 배틀 엔젤","8.70","1","40"
"20220922","1116","잠베지아: 신비한 나무섬의 비밀","8.70","1","40"
"20220922","1117","스타 트렉: 더 비기닝","8.70","1","40"
"20220922","1118","로맨틱 홀리데이","8.70","1","40"
"20220922","1119","트롤","8.70","1","40"
"20220922","1120","고","8.70","1","40"
"20220922","1121","업사이드","8.69","1","40"
"20220922","1122","잉글리쉬 페이션트","8.69","1","40"
"20220922","1123","더 레슬러","8.69","1","40"
"20220922","1124","동사서독","8.69","1","40"
"20220922","1125","겨울왕국 2","8.69","1","40"
"20220922","1126","취화선","8.69","1","40"
"20220922","1127","레이드 2","8.69","1","40"
"20220922","1128","쿵푸 허슬","8.69","1","40"
"20220922","1129","명탐정 코난: 이차원의 저격수","8.69","1","40"
"20220922","1130","택시 드라이버","8.69","1","40"
"20220922","1131","마다가스카의 펭귄","8.69","1","40"
"20220922","1132","데드풀 2","8.69","1","40"
"20220922","1133","고지전","8.69","1","40"
"20220922","1134","데자뷰","8.69","1","40"
"20220922","1135","가을의 전설","8.68","1","40"
"20220922","1136","무간도 2 - 혼돈의 시대","8.68","1","40"
"20220922","1137","보이 A","8.68","1","40"
"20220922","1138","슈퍼배드 3","8.68","1","40"
"20220922","1139","세자매","8.68","1","40"
"20220922","1140","페르시아의 왕자: 시간의 모래","8.68","1","40"
"20220922","1141","야수와 미녀","8.68","1","40"
"20220922","1142","웨딩 싱어","8.68","1","40"
"20220922","1143","파이스토리 : 악당상어 소탕작전","8.68","1","40"
"20220922","1144","워터보이즈","8.68","1","40"
"20220922","1145","쉐프","8.68","1","40"
"20220922","1146","더 라스트: 나루토 더 무비","8.68","1","40"
"20220922","1147","천국의 아이들","8.68","1","40"
"20220922","1148","짱구는 못말려 극장판: 나의 이사 이야기 선인장 대습격","8.68","1","40"
"20220922","1149","헤어질 결심","8.68","1","40"
"20220922","1150","레지던트 이블","8.68","1","40"
"20220922","1151","극장판 베르세르크: 황금 시대편Ⅲ - 강림","8.68","1","40"
"20220922","1152","화이트 칙스","8.68","1","40"
"20220922","1153","워낭소리","8.68","1","40"
"20220922","1154","귀향","8.67","1","40"
"20220922","1155","스노든","8.67","1","40"
"20220922","1156","김광석","8.67","1","40"
"20220922","1157","보스 베이비","8.67","1","40"
"20220922","1158","몬스터","8.67","1","40"
"20220922","1159","맨 인 블랙","8.67","1","40"
"20220922","1160","센스 앤 센서빌리티","8.67","1","40"
"20220922","1161","내 생애 가장 아름다운 일주일","8.67","1","40"
"20220922","1162","캡틴 아메리카: 시빌 워","8.67","1","40"
"20220922","1163","페인티드 베일","8.67","1","40"
"20220922","1164","마미","8.67","1","40"
"20220922","1165","건축학개론","8.67","1","40"
"20220922","1166","퓨리","8.67","1","40"
"20220922","1167","플로리다 프로젝트","8.67","1","40"
"20220922","1168","붉은 10월","8.67","1","40"
"20220922","1169","붉은 돼지","8.67","1","40"
"20220922","1170","용의자 X의 헌신","8.67","1","40"
"20220922","1171","브리짓 존스의 일기","8.67","1","40"
"20220922","1172","리틀 프린세스 소피아: 엘레나와 비밀의 아발로 왕국","8.67","1","40"
"20220922","1173","유주얼 서스펙트","8.67","1","40"
"20220922","1174","판타스틱 Mr. 폭스","8.67","1","40"
"20220922","1175","래더 49","8.67","1","40"
"20220922","1176","세븐","8.67","1","40"
"20220922","1177","지금, 이대로가 좋아요","8.66","1","40"
"20220922","1178","홀리데이","8.66","1","40"
"20220922","1179","영원한 여름","8.66","1","40"
"20220922","1180","항거:유관순 이야기","8.66","1","40"
"20220922","1181","무현, 두 도시 이야기","8.66","1","40"
"20220922","1182","쿠르스크","8.66","1","40"
"20220922","1183","조커","8.66","1","40"
"20220922","1184","버니드롭","8.66","1","40"
"20220922","1185","서유기 : 모험의 시작","8.66","1","40"
"20220922","1186","말리와 나","8.66","1","40"
"20220922","1187","미래를 걷는 소녀","8.66","1","40"
"20220922","1188","소녀X소녀","8.66","1","40"
"20220922","1189","하늘이 보내준 딸","8.66","1","40"
"20220922","1190","투모로우","8.66","1","40"
"20220922","1191","아포칼립토","8.66","1","40"
"20220922","1192","콜레트","8.66","1","40"
"20220922","1193","잠수종과 나비","8.66","1","40"
"20220922","1194","늑대소년","8.66","1","40"
"20220922","1195","배드 가이즈","8.65","1","40"
"20220922","1196","어린왕자","8.65","1","40"
"20220922","1197","더 박스","8.65","1","40"
"20220922","1198","내가 죽기 전에 가장 듣고 싶은 말","8.65","1","40"
"20220922","1199","리틀 러너","8.65","1","40"
"20220922","1200","69세","8.65","1","40"
"20220922","1201","줄리 & 줄리아","8.65","1","40"
"20220922","1202","코알라 키드 : 영웅의 탄생","8.65","1","40"
"20220922","1203","워크래프트: 전쟁의 서막","8.65","1","40"
"20220922","1204","극장판 도라에몽: 진구의 마계 대모험 7인의 마법사","8.65","1","40"
"20220922","1205","친구","8.65","1","40"
"20220922","1206","범죄와의 전쟁 : 나쁜놈들 전성시대","8.65","1","40"
"20220922","1207","도쿄 타워","8.65","1","40"
"20220922","1208","안경","8.65","1","40"
"20220922","1209","브로크백 마운틴","8.65","1","40"
"20220922","1210","프로포즈","8.65","1","40"
"20220922","1211","썸머 워즈","8.64","1","40"
"20220922","1212","매트릭스 3 - 레볼루션","8.64","1","40"
"20220922","1213","꽃피는 봄이 오면","8.64","1","40"
"20220922","1214","트로이","8.64","1","40"
"20220922","1215","돈 룩 업","8.64","1","40"
"20220922","1216","안나","8.64","1","40"
"20220922","1217","스텝 업 2 - 더 스트리트","8.64","1","40"
"20220922","1218","명탐정 코난:수평선상의 음모","8.64","1","40"
"20220922","1219","괴물","8.64","1","40"
"20220922","1220","와니와 준하","8.64","1","40"
"20220922","1221","포 미니츠","8.64","1","40"
"20220922","1222","송 포 유","8.64","1","40"
"20220922","1223","뽀로로 극장판 슈퍼썰매 대모험","8.64","1","40"
"20220922","1224","육사오(6/45)","8.64","1","40"
"20220922","1225","어바웃 슈미트","8.64","1","40"
"20220922","1226","펭귄 - 위대한 모험","8.64","1","40"
"20220922","1227","국화꽃 향기","8.64","1","40"
"20220922","1228","디 아워스","8.64","1","40"
"20220922","1229","로드 오브 워","8.64","1","40"
"20220922","1230","행복한 사전","8.64","1","40"
"20220922","1231","수상한 고객들","8.63","1","40"
"20220922","1232","창","8.63","1","40"
"20220922","1233","날아라 허동구","8.63","1","40"
"20220922","1234","패션 오브 크라이스트","8.63","1","40"
"20220922","1235","토탈 이클립스","8.63","1","40"
"20220922","1236","새미의 어드벤쳐 2","8.63","1","40"
"20220922","1237","그랑블루","8.63","1","40"
"20220922","1238","페이스 오브 러브","8.63","1","40"
"20220922","1239","죽어야 사는 여자","8.63","1","40"
"20220922","1240","우리들과 경찰아저씨의 700일 전쟁","8.63","1","40"
"20220922","1241","국가대표2","8.63","1","40"
"20220922","1242","사랑은 너무 복잡해","8.63","1","40"
"20220922","1243","작전","8.62","1","40"
"20220922","1244","더 플랜","8.62","1","40"
"20220922","1245","앤트맨과 와스프","8.62","1","40"
"20220922","1246","걸어도 걸어도","8.62","1","40"
"20220922","1247","베스트 오퍼","8.62","1","40"
"20220922","1248","라라랜드","8.62","1","40"
"20220922","1249","레터스 투 줄리엣","8.62","1","40"
"20220922","1250","쿵푸팬더3","8.62","1","40"
"20220922","1251","프란츠","8.62","1","40"
"20220922","1252","나니아 연대기 - 캐스피언 왕자","8.62","1","40"
"20220922","1253","킹덤 오브 헤븐","8.62","1","40"
"20220922","1254","주먹왕 랄프 2: 인터넷 속으로","8.62","1","40"
"20220922","1255","범죄의 여왕","8.62","1","40"
"20220922","1256","서바이벌 패밀리","8.62","1","40"
"20220922","1257","퐁네프의 연인들","8.62","1","40"
"20220922","1258","노스 컨츄리","8.62","1","40"
"20220922","1259","공주와 개구리","8.62","1","40"
"20220922","1260","런던시계탑 밑에서 사랑을 찾을 확률","8.61","1","40"
"20220922","1261","극장판 짱구는 못말려 : 습격!! 외계인 덩덩이","8.61","1","40"
"20220922","1262","천국의 우편배달부","8.61","1","40"
"20220922","1263","완벽한 타인","8.61","1","40"
"20220922","1264","파닥파닥","8.61","1","40"
"20220922","1265","서극의 칼","8.61","1","40"
"20220922","1266","명탐정 코난: 11번째 스트라이커","8.61","1","40"
"20220922","1267","약장수","8.61","1","40"
"20220922","1268","키싱 부스 2","8.61","1","40"
"20220922","1269","진주만","8.61","1","40"
"20220922","1270","카트","8.61","1","40"
"20220922","1271","해피 피트","8.61","1","40"
"20220922","1272","캐롤","8.61","1","40"
"20220922","1273","안녕,헤이즐","8.61","1","40"
"20220922","1274","노바디 ","8.61","1","40"
"20220922","1275","런치박스","8.61","1","40"
"20220922","1276","고양이의 보은","8.60","1","40"
"20220922","1277","플라이","8.60","1","40"
"20220922","1278","도화선","8.60","1","40"
"20220922","1279","태풍이 지나가고","8.60","1","40"
"20220922","1280","다우트","8.60","1","40"
"20220922","1281","캐쉬백","8.60","1","40"
"20220922","1282","앤트맨","8.60","1","40"
"20220922","1283","드림 쏭","8.60","1","40"
"20220922","1284","엑소시스트","8.60","1","40"
"20220922","1285","지구","8.60","1","40"
"20220922","1286","키스 오브 드래곤","8.60","1","40"
"20220922","1287","모터싸이클 다이어리","8.60","1","40"
"20220922","1288","철도원","8.60","1","40"
"20220922","1289","배드 지니어스","8.60","1","40"
"20220922","1290","빠삐용","8.60","1","40"
"20220922","1291","웨이 백","8.59","1","40"
"20220922","1292","위대한 침묵","8.59","1","40"
"20220922","1293","내니 맥피 - 우리 유모는 마법사","8.59","1","40"
"20220922","1294","너와 파도를 탈 수 있다면","8.59","1","40"
"20220922","1295","노예 12년","8.59","1","40"
"20220922","1296","피아노","8.59","1","40"
"20220922","1297","단테스 피크","8.59","1","40"
"20220922","1298","스내치","8.59","1","40"
"20220922","1299","몬스터 호텔 3","8.59","1","40"
"20220922","1300","결혼은 미친 짓이다","8.59","1","40"
"20220922","1301","자전거 탄 소년","8.59","1","40"
"20220922","1302","색, 계","8.59","1","40"
"20220922","1303","오두막","8.58","1","40"
"20220922","1304","콘스탄트 가드너","8.58","1","40"
"20220922","1305","극장판 도라에몽 진구의 아프리카 모험 : 베코와 5인의 탐험대","8.58","1","40"
"20220922","1306","비커밍 제인","8.58","1","40"
"20220922","1307","드림걸즈","8.58","1","40"
"20220922","1308","몬스터 호텔 2","8.58","1","40"
"20220922","1309","몬스터 콜","8.58","1","40"
"20220922","1310","내일의 기억","8.58","1","40"
"20220922","1311","프레스티지","8.58","1","40"
"20220922","1312","논스톱","8.58","1","40"
"20220922","1313","내가 고백을 하면","8.58","1","40"
"20220922","1314","아이스 에이지","8.58","1","40"
"20220922","1315","러닝 스케어드","8.58","1","40"
"20220922","1316","아이 필 프리티","8.58","1","40"
"20220922","1317","캡틴 판타스틱","8.58","1","40"
"20220922","1318","카메라를 멈추면 안 돼!","8.58","1","40"
"20220922","1319","인정사정 볼 것 없다","8.58","1","40"
"20220922","1320","겟 썸","8.58","1","40"
"20220922","1321","감바의 대모험","8.58","1","40"
"20220922","1322","가족의 탄생","8.57","1","40"
"20220922","1323","초한지: 영웅의 부활","8.57","1","40"
"20220922","1324","내 아내의 모든 것","8.57","1","40"
"20220922","1325","가려진 시간","8.57","1","40"
"20220922","1326","실버라이닝 플레이북","8.57","1","40"
"20220922","1327","데스 레이스","8.57","1","40"
"20220922","1328","하나-비","8.57","1","40"
"20220922","1329","언싱커블","8.57","1","40"
"20220922","1330","드럼라인","8.57","1","40"
"20220922","1331","우리 생애 최고의 순간","8.57","1","40"
"20220922","1332","라스트베가스","8.57","1","40"
"20220922","1333","반창꼬","8.57","1","40"
"20220922","1334","13층","8.57","1","40"
"20220922","1335","올드 미스 다이어리 - 극장판","8.57","1","40"
"20220922","1336","백엔의 사랑","8.57","1","40"
"20220922","1337","아이다호","8.57","1","40"
"20220922","1338","마이펫의 이중생활","8.57","1","40"
"20220922","1339","스머프: 비밀의 숲","8.57","1","40"
"20220922","1340","마음이 2","8.57","1","40"
"20220922","1341","더 이퀄라이저","8.56","1","40"
"20220922","1342","소중한 날의 꿈","8.56","1","40"
"20220922","1343","우리 개 이야기","8.56","1","40"
"20220922","1344","컨스피러시","8.56","1","40"
"20220922","1345","발레리나","8.56","1","40"
"20220922","1346","세상의 모든 계절","8.56","1","40"
"20220922","1347","사이드웨이","8.56","1","40"
"20220922","1348","나이트메어","8.56","1","40"
"20220922","1349","패딩턴","8.56","1","40"
"20220922","1350","천년여우 여우비","8.56","1","40"
"20220922","1351","세상에서 고양이가 사라진다면","8.56","1","40"
"20220922","1352","퀼","8.56","1","40"
"20220922","1353","장고:분노의 추적자","8.56","1","40"
"20220922","1354","더 폴: 오디어스와 환상의 문","8.56","1","40"
"20220922","1355","풀 메탈 자켓","8.56","1","40"
"20220922","1356","가디언즈 오브 갤럭시","8.55","1","40"
"20220922","1357","키사라기 미키짱","8.55","1","40"
"20220922","1358","기사 윌리엄","8.55","1","40"
"20220922","1359","코리아","8.55","1","40"
"20220922","1360","태양은 없다","8.55","1","40"
"20220922","1361","눈의 여왕3: 눈과 불의 마법대결","8.55","1","40"
"20220922","1362","올가미","8.55","1","40"
"20220922","1363","포카혼타스","8.55","1","40"
"20220922","1364","지. 아이. 제인","8.55","1","40"
"20220922","1365","버틀러: 대통령의 집사","8.55","1","40"
"20220922","1366","로렉스","8.55","1","40"
"20220922","1367","싸이보그 그녀","8.55","1","40"
"20220922","1368","악마는 사라지지 않는다","8.54","1","40"
"20220922","1369","분노","8.54","1","40"
"20220922","1370","4등","8.54","1","40"
"20220922","1371","리틀 디제이","8.54","1","40"
"20220922","1372","신비아파트 극장판 하늘도깨비 대 요르문간드","8.54","1","40"
"20220922","1373","트레이닝 데이","8.54","1","40"
"20220922","1374","극장판 포켓 몬스터 DP - 아르세우스 초극의 시공으로","8.54","1","40"
"20220922","1375","심야식당2","8.54","1","40"
"20220922","1376","레드 스패로","8.54","1","40"
"20220922","1377","바다 탐험대 옥토넛 시즌4: 늪지탐험선K","8.54","1","40"
"20220922","1378","내일을 위한 시간","8.54","1","40"
"20220922","1379","트래쉬","8.54","1","40"
"20220922","1380","백설공주 살인사건","8.54","1","40"
"20220922","1381","빅쇼트","8.54","1","40"
"20220922","1382","공기살인","8.54","1","40"
"20220922","1383","오싹한 연애","8.54","1","40"
"20220922","1384","중독노래방","8.54","1","40"
"20220922","1385","슈렉 2","8.54","1","40"
"20220922","1386","몽타주","8.54","1","40"
"20220922","1387","꿈의 제인","8.53","1","40"
"20220922","1388","골드","8.53","1","40"
"20220922","1389","아폴로 13","8.53","1","40"
"20220922","1390","언페이스풀","8.53","1","40"
"20220922","1391","람보 : 라스트 워","8.53","1","40"
"20220922","1392","개구쟁이 스머프","8.53","1","40"
"20220922","1393","스파이더위크가의 비밀","8.53","1","40"
"20220922","1394","윈드 리버","8.53","1","40"
"20220922","1395","강철중: 공공의 적 1-1","8.53","1","40"
"20220922","1396","덤 앤 더머","8.53","1","40"
"20220922","1397","레디 플레이어 원","8.53","1","40"
"20220922","1398","레이디 버드","8.53","1","40"
"20220922","1399","혹성탈출: 반격의 서막","8.52","1","40"
"20220922","1400","엽문3: 최후의 대결","8.52","1","40"
"20220922","1401","사우스포","8.52","1","40"
"20220922","1402","족구왕","8.52","1","40"
"20220922","1403","맨 프럼 어스","8.52","1","40"
"20220922","1404","몬테 크리스토 백작","8.52","1","40"
"20220922","1405","화씨 9/11","8.52","1","40"
"20220922","1406","데드 맨 워킹","8.52","1","40"
"20220922","1407","도리를 찾아서","8.52","1","40"
"20220922","1408","회복","8.52","1","40"
"20220922","1409","미드나잇 인 파리","8.52","1","40"
"20220922","1410","쩨쩨한 로맨스","8.51","1","40"
"20220922","1411","러브 라이브! 더 스쿨 아이돌 무비","8.51","1","40"
"20220922","1412","그녀","8.51","1","40"
"20220922","1413","짱구는 못말려 극장판：엄청 맛있어! B급 음식 서바이벌!","8.51","1","40"
"20220922","1414","아이, 토냐","8.51","1","40"
"20220922","1415","재심","8.51","1","40"
"20220922","1416","웜 바디스","8.51","1","40"
"20220922","1417","디 아더스","8.51","1","40"
"20220922","1418","벨벳 골드마인","8.51","1","40"
"20220922","1419","오빠생각","8.51","1","40"
"20220922","1420","훌라 걸스","8.51","1","40"
"20220922","1421","엘리트 스쿼드","8.51","1","40"
"20220922","1422","침묵의 목격자","8.51","1","40"
"20220922","1423","극한직업","8.51","1","40"
"20220922","1424","로스트 인 더스트","8.51","1","40"
"20220922","1425","미 비포 유","8.51","1","40"
"20220922","1426","블루 재스민","8.51","1","40"
"20220922","1427","마스터 앤드 커맨더: 위대한 정복자","8.51","1","40"
"20220922","1428","더 킹: 헨리 5세","8.51","1","40"
"20220922","1429","더 스파이","8.51","1","40"
"20220922","1430","와호장룡","8.51","1","40"
"20220922","1431","더 콘서트","8.51","1","40"
"20220922","1432","록키 호러 픽쳐 쇼","8.51","1","40"
"20220922","1433","파퍼씨네 펭귄들","8.51","1","40"
"20220922","1434","달마야 놀자","8.51","1","40"
"20220922","1435","렛 미 인","8.50","1","40"
"20220922","1436","아무르","8.50","1","40"
"20220922","1437","세이프 헤이븐","8.50","1","40"
"20220922","1438","보리밭을 흔드는 바람","8.50","1","40"
"20220922","1439","우리, 사랑일까요?","8.50","1","40"
"20220922","1440","세인트 빈센트","8.50","1","40"
"20220922","1441","위아 유어 프렌즈","8.50","1","40"
"20220922","1442","호빗: 다섯 군대 전투","8.50","1","40"
"20220922","1443","BB 프로젝트","8.50","1","40"
"20220922","1444","영주","8.50","1","40"
"20220922","1445","기생충","8.50","1","40"
"20220922","1446","스탈린그라드: 최후의 전투","8.49","1","40"
"20220922","1447","레드 드래곤","8.49","1","40"
"20220922","1448","남극의 쉐프","8.49","1","40"
"20220922","1449","노매드랜드","8.49","1","40"
"20220922","1450","괴물의 아이","8.49","1","40"
"20220922","1451","데몰리션","8.49","1","40"
"20220922","1452","사랑할 때 버려야 할 아까운 것들","8.49","1","40"
"20220922","1453","매치스틱 맨","8.49","1","40"
"20220922","1454","모어 댄 블루","8.49","1","40"
"20220922","1455","호빗 : 스마우그의 폐허","8.49","1","40"
"20220922","1456","뉴 폴리스 스토리","8.49","1","40"
"20220922","1457","데어 윌 비 블러드","8.49","1","40"
"20220922","1458","더 문","8.48","1","40"
"20220922","1459","아웃 오브 아프리카","8.48","1","40"
"20220922","1460","로그 원: 스타워즈 스토리","8.48","1","40"
"20220922","1461","고백","8.48","1","40"
"20220922","1462","아더와 미니모이: 제1탄 비밀 원정대의 출정","8.48","1","40"
"20220922","1463","어톤먼트","8.48","1","40"
"20220922","1464","아메리칸 갱스터","8.48","1","40"
"20220922","1465","목소리의 형태","8.48","1","40"
"20220922","1466","스틸 앨리스","8.48","1","40"
"20220922","1467","블랙 가스펠","8.48","1","40"
"20220922","1468","거꾸로 된 파테마","8.48","1","40"
"20220922","1469","디스커넥트","8.48","1","40"
"20220922","1470","식객","8.48","1","40"
"20220922","1471","아이언 마스크","8.48","1","40"
"20220922","1472","엔드 오브 왓치","8.47","1","40"
"20220922","1473","킥 애스: 영웅의 탄생","8.47","1","40"
"20220922","1474","울프 콜","8.47","1","40"
"20220922","1475","싱글 맨","8.47","1","40"
"20220922","1476","바람의 전설","8.47","1","40"
"20220922","1477","헤이트풀8","8.47","1","40"
"20220922","1478","메종 드 히미코","8.47","1","40"
"20220922","1479","아워 이디엇 브라더","8.47","1","40"
"20220922","1480","왓 위민 원트","8.47","1","40"
"20220922","1481","졸업","8.47","1","40"
"20220922","1482","에어로너츠","8.47","1","40"
"20220922","1483","카3: 새로운 도전","8.47","1","40"
"20220922","1484","내가 살인범이다","8.47","1","40"
"20220922","1485","당신이 사랑하는 동안에","8.47","1","40"
"20220922","1486","네버다이 버터플라이","8.47","1","40"
"20220922","1487","메리에겐 뭔가 특별한 것이 있다","8.47","1","40"
"20220922","1488","이탈리안 잡","8.47","1","40"
"20220922","1489","분노의 질주: 더 오리지널","8.46","1","40"
"20220922","1490","고녀석 맛나겠다2 : 함께라서 행복해","8.46","1","40"
"20220922","1491","극장판 파워레인저 다이노포스VS고버스터즈 공룡 대결전! ~안녕, 영원한 친구여~","8.46","1","40"
"20220922","1492","일루셔니스트","8.46","1","40"
"20220922","1493","국경의 남쪽","8.46","1","40"
"20220922","1494","로봇, 소리","8.46","1","40"
"20220922","1495","블랙 위도우","8.46","1","40"
"20220922","1496","옥자","8.46","1","40"
"20220922","1497","셰익스피어 인 러브","8.46","1","40"
"20220922","1498","행복 목욕탕","8.46","1","40"
"20220922","1499","로렌스 애니웨이 ","8.46","1","40"
"20220922","1500","와일드","8.46","1","40"
"20220922","1501","타락천사","8.46","1","40"
"20220922","1502","앵그리 버드 2: 독수리 왕국의 침공","8.46","1","40"
"20220922","1503","나쁜 교육","8.46","1","40"
"20220922","1504","태일이","8.45","1","40"
"20220922","1505","꽃보다 남자","8.45","1","40"
"20220922","1506","광대: 소리꾼","8.45","1","40"
"20220922","1507","레고 배트맨 무비","8.45","1","40"
"20220922","1508","컬러풀","8.45","1","40"
"20220922","1509","럭키","8.45","1","40"
"20220922","1510","언브로큰","8.45","1","40"
"20220922","1511","리틀 프린세스 소피아: 신비한 섬","8.45","1","40"
"20220922","1512","미스 페레그린과 이상한 아이들의 집","8.45","1","40"
"20220922","1513","폰 부스","8.45","1","40"
"20220922","1514","나비잠","8.45","1","40"
"20220922","1515","더 와이프","8.45","1","40"
"20220922","1516","플레이스 비욘드 더 파인즈","8.45","1","40"
"20220922","1517","베스트 오브 미","8.45","1","40"
"20220922","1518","다크 시티","8.45","1","40"
"20220922","1519","플루토에서 아침을","8.45","1","40"
"20220922","1520","문영","8.45","1","40"
"20220922","1521","에놀라 홈즈","8.44","1","40"
"20220922","1522","밀정","8.44","1","40"
"20220922","1523","정글","8.44","1","40"
"20220922","1524","탐정 : 더 비기닝","8.44","1","40"
"20220922","1525","젠틀맨","8.44","1","40"
"20220922","1526","로봇","8.44","1","40"
"20220922","1527","밀크","8.44","1","40"
"20220922","1528","정글북","8.44","1","40"
"20220922","1529","7년-그들이 없는 언론","8.44","1","40"
"20220922","1530","아쿠아마린","8.44","1","40"
"20220922","1531","스파이 브릿지","8.44","1","40"
"20220922","1532","허트 로커","8.44","1","40"
"20220922","1533","위대한 개츠비","8.44","1","40"
"20220922","1534","명량","8.44","1","40"
"20220922","1535","보이스","8.44","1","40"
"20220922","1536","링","8.44","1","40"
"20220922","1537","금발이 너무해","8.43","1","40"
"20220922","1538","아비정전","8.43","1","40"
"20220922","1539","머드","8.43","1","40"
"20220922","1540","헌트","8.43","1","40"
"20220922","1541","넘버 3","8.43","1","40"
"20220922","1542","하트브레이커스","8.43","1","40"
"20220922","1543","레고 무비","8.43","1","40"
"20220922","1544","괜찮아요, 미스터 브래드","8.43","1","40"
"20220922","1545","매직 아워","8.43","1","40"
"20220922","1546","거북이 달린다","8.43","1","40"
"20220922","1547","맘마미아!","8.43","1","40"
"20220922","1548","시카리오: 데이 오브 솔다도","8.43","1","40"
"20220922","1549","그녀에게","8.43","1","40"
"20220922","1550","명탐정 코난 : 화염의 해바라기","8.43","1","40"
"20220922","1551","필라델피아","8.43","1","40"
"20220922","1552","노다메 칸타빌레 Vol.1","8.43","1","40"
"20220922","1553","바이스","8.43","1","40"
"20220922","1554","나이트 크롤러","8.42","1","40"
"20220922","1555","나는 부정한다","8.42","1","40"
"20220922","1556","지옥의 묵시록","8.42","1","40"
"20220922","1557","허니","8.42","1","40"
"20220922","1558","터미네이터: 다크 페이트","8.42","1","40"
"20220922","1559","동경가족","8.42","1","40"
"20220922","1560","위대한 유산","8.42","1","40"
"20220922","1561","슈퍼 사이즈 미","8.42","1","40"
"20220922","1562","호빗 : 뜻밖의 여정","8.42","1","40"
"20220922","1563","레토","8.42","1","40"
"20220922","1564","다이노 타임","8.42","1","40"
"20220922","1565","500일의 썸머","8.42","1","40"
"20220922","1566","언터처블","8.42","1","40"
"20220922","1567","품행 제로","8.42","1","40"
"20220922","1568","숀더쉽","8.42","1","40"
"20220922","1569","너의 결혼식","8.42","1","40"
"20220922","1570","샬롯의 거미줄","8.42","1","40"
"20220922","1571","3:10 투 유마","8.42","1","40"
"20220922","1572","마션","8.42","1","40"
"20220922","1573","머니볼","8.42","1","40"
"20220922","1574","라스베가스에서만 생길 수 있는 일","8.42","1","40"
"20220922","1575","극장판 암살교실: 365일의 시간","8.42","1","40"
"20220922","1576","어둠 속의 댄서","8.42","1","40"
"20220922","1577","워터월드","8.42","1","40"
"20220922","1578","타임 투 킬","8.42","1","40"
"20220922","1579","월레스와 그로밋 - 거대 토끼의 저주","8.42","1","40"
"20220922","1580","폭풍 속으로","8.42","1","40"
"20220922","1581","스윙키즈","8.41","1","40"
"20220922","1582","라 비 앙 로즈","8.41","1","40"
"20220922","1583","성실한 나라의 앨리스","8.41","1","40"
"20220922","1584","그레이 맨","8.41","1","40"
"20220922","1585","존 말코비치 되기","8.41","1","40"
"20220922","1586","소라닌","8.41","1","40"
"20220922","1587","블랙머니","8.41","1","40"
"20220922","1588","무명인","8.41","1","40"
"20220922","1589","카페 벨에포크","8.41","1","40"
"20220922","1590","셔터 아일랜드","8.41","1","40"
"20220922","1591","극장판 파워레인저 트레인포스VS 다이노포스 THE MOVIE","8.41","1","40"
"20220922","1592","혜화,동","8.41","1","40"
"20220922","1593","밤쉘: 세상을 바꾼 폭탄선언","8.41","1","40"
"20220922","1594","천국보다 아름다운","8.41","1","40"
"20220922","1595","리틀 포레스트: 여름과 가을","8.40","1","40"
"20220922","1596","스니치","8.40","1","40"
"20220922","1597","너를 만난 여름","8.40","1","40"
"20220922","1598","바스터즈: 거친 녀석들","8.40","1","40"
"20220922","1599","킬러의 보디가드","8.40","1","40"
"20220922","1600","슬픔보다 더 슬픈 이야기","8.40","1","40"
"20220922","1601","최강전사 미니특공대 : 영웅의 탄생","8.40","1","40"
"20220922","1602","노스페이스","8.40","1","40"
"20220922","1603","연애 빠진 로맨스","8.40","1","40"
"20220922","1604","드라이브 마이 카","8.40","1","40"
"20220922","1605","플로렌스","8.40","1","40"
"20220922","1606","트리플 9","8.40","1","40"
"20220922","1607","우리 형","8.40","1","40"
"20220922","1608","필로미나의 기적","8.40","1","40"
"20220922","1609","일주일간 친구","8.40","1","40"
"20220922","1610","고흐, 영원의 문에서","8.40","1","40"
"20220922","1611","양지의 그녀","8.40","1","40"
"20220922","1612","캐리","8.40","1","40"
"20220922","1613","영웅: 천하의 시작","8.40","1","40"
"20220922","1614","시절인연","8.40","1","40"
"20220922","1615","탐정: 리턴즈","8.40","1","40"
"20220922","1616","새벽의 저주","8.40","1","40"
"20220922","1617","렌트","8.40","1","40"
"20220922","1618","앨빈과 슈퍼밴드 3","8.40","1","40"
"20220922","1619","거짓말","8.40","1","40"
"20220922","1620","비우티풀","8.39","1","40"
"20220922","1621","어글리 트루스","8.39","1","40"
"20220922","1622","박스트롤","8.39","1","40"
"20220922","1623","미씽: 사라진 여자","8.39","1","40"
"20220922","1624","하나와 앨리스 : 살인사건","8.39","1","40"
"20220922","1625","우아한 거짓말","8.39","1","40"
"20220922","1626","내겐 너무 아찔한 그녀","8.39","1","40"
"20220922","1627","천재강아지 미스터 피바디","8.39","1","40"
"20220922","1628","챔프","8.39","1","40"
"20220922","1629","마이 리틀 히어로","8.39","1","40"
"20220922","1630","반칙왕","8.39","1","40"
"20220922","1631","레미제라블","8.39","1","40"
"20220922","1632","리틀 포레스트2: 겨울과 봄","8.39","1","40"
"20220922","1633","패컬티","8.39","1","40"
"20220922","1634","부활","8.39","1","40"
"20220922","1635","엘라의 계곡","8.39","1","40"
"20220922","1636","주디","8.39","1","40"
"20220922","1637","제이슨 본","8.39","1","40"
"20220922","1638","헷지","8.38","1","40"
"20220922","1639","그랜드 부다페스트 호텔","8.38","1","40"
"20220922","1640","위험한 패밀리","8.38","1","40"
"20220922","1641","더블 타겟","8.38","1","40"
"20220922","1642","태양의 제국","8.38","1","40"
"20220922","1643","하늘을 걷는 남자","8.38","1","40"
"20220922","1644","블레이드","8.38","1","40"
"20220922","1645","실미도","8.38","1","40"
"20220922","1646","복수는 나의 것","8.38","1","40"
"20220922","1647","달콤, 살벌한 연인","8.38","1","40"
"20220922","1648","지렁이","8.38","1","40"
"20220922","1649","장화신은 고양이","8.38","1","40"
"20220922","1650","오늘 밤, 로맨스 극장에서","8.38","1","40"
"20220922","1651","드림업","8.38","1","40"
"20220922","1652","완벽한 그녀에게 딱 한가지 없는 것","8.38","1","40"
"20220922","1653","액트 오브 밸러: 최정예 특수부대","8.38","1","40"
"20220922","1654","인 디 에어","8.38","1","40"
"20220922","1655","러스트 앤 본","8.38","1","40"
"20220922","1656","히야","8.38","1","40"
"20220922","1657","레볼루셔너리 로드","8.37","1","40"
"20220922","1658","가족","8.37","1","40"
"20220922","1659","오펀: 천사의 비밀","8.37","1","40"
"20220922","1660","시애틀의 잠 못 이루는 밤","8.37","1","40"
"20220922","1661","우리들의 헤어진 여자친구","8.37","1","40"
"20220922","1662","워 호스","8.37","1","40"
"20220922","1663","러브 라이브! 선샤인!! 더 스쿨 아이돌 무비 오버 더 레인보우","8.37","1","40"
"20220922","1664","케이온","8.37","1","40"
"20220922","1665","스파이더맨: 파 프롬 홈","8.37","1","40"
"20220922","1666","너의 췌장을 먹고 싶어","8.37","1","40"
"20220922","1667","나잇 & 데이","8.37","1","40"
"20220922","1668","닥터 슬립","8.37","1","40"
"20220922","1669","할렐루야","8.37","1","40"
"20220922","1670","용의자","8.37","1","40"
"20220922","1671","극장판 요괴워치: 염라대왕과 5개의 이야기다냥!","8.37","1","40"
"20220922","1672","팬텀 스레드","8.37","1","40"
"20220922","1673","레지던트 이블: 파멸의 날","8.37","1","40"
"20220922","1674","냉정과 열정 사이","8.37","1","40"
"20220922","1675","사쿠란","8.37","1","40"
"20220922","1676","명탐정 코난 : 감벽의 관","8.37","1","40"
"20220922","1677","리턴","8.36","1","40"
"20220922","1678","뮨: 달의 요정","8.36","1","40"
"20220922","1679","옹박 - 무에타이의 후예","8.36","1","40"
"20220922","1680","파운더","8.36","1","40"
"20220922","1681","나의 결혼 원정기","8.36","1","40"
"20220922","1682","1919 유관순","8.36","1","40"
"20220922","1683","터널","8.36","1","40"
"20220922","1684","티파니에서 아침을","8.36","1","40"
"20220922","1685","형","8.36","1","40"
"20220922","1686","써드 퍼슨","8.36","1","40"
"20220922","1687","킹스맨: 골든 서클","8.36","1","40"
"20220922","1688","안도 타다오","8.36","1","40"
"20220922","1689","데몰리션 맨","8.36","1","40"
"20220922","1690","레고 닌자고 무비","8.36","1","40"
"20220922","1691","초속5센티미터","8.36","1","40"
"20220922","1692","P.S 아이 러브 유","8.36","1","40"
"20220922","1693","미성년","8.36","1","40"
"20220922","1694","아쿠아맨","8.36","1","40"
"20220922","1695","해피 엔드","8.36","1","40"
"20220922","1696","개들의 섬","8.36","1","40"
"20220922","1697","드래프트 데이","8.35","1","40"
"20220922","1698","스크림","8.35","1","40"
"20220922","1699","아키라","8.35","1","40"
"20220922","1700","스파이더맨: 홈커밍","8.35","1","40"
"20220922","1701","이파네마 소년","8.35","1","40"
"20220922","1702","유령 신부","8.35","1","40"
"20220922","1703","덕혜옹주","8.35","1","40"
"20220922","1704","홈","8.35","1","40"
"20220922","1705","어나더 라운드","8.35","1","40"
"20220922","1706","카모메 식당","8.35","1","40"
"20220922","1707","아틱","8.34","1","40"
"20220922","1708","이웃집 남자","8.34","1","40"
"20220922","1709","신데렐라","8.34","1","40"
"20220922","1710","낮술","8.34","1","40"
"20220922","1711","우아한 세계","8.34","1","40"
"20220922","1712","어카운턴트","8.34","1","40"
"20220922","1713","수퍼 소닉","8.34","1","40"
"20220922","1714","우리도 사랑일까","8.34","1","40"
"20220922","1715","이다","8.34","1","40"
"20220922","1716","한 번 더 해피엔딩","8.34","1","40"
"20220922","1717","시카리오: 암살자의 도시","8.34","1","40"
"20220922","1718","마이 파더","8.34","1","40"
"20220922","1719","프로포즈 데이","8.34","1","40"
"20220922","1720","모가디슈","8.34","1","40"
"20220922","1721","다가오는 것들","8.34","1","40"
"20220922","1722","굿모닝 에브리원","8.34","1","40"
"20220922","1723","상하이","8.34","1","40"
"20220922","1724","프리즌 이스케이프","8.33","1","40"
"20220922","1725","살아남은 아이","8.33","1","40"
"20220922","1726","그린치","8.33","1","40"
"20220922","1727","싱글라이더","8.33","1","40"
"20220922","1728","닌자터틀 : 어둠의 히어로","8.33","1","40"
"20220922","1729","셰이프 오브 워터: 사랑의 모양","8.33","1","40"
"20220922","1730","마지막선물...귀휴","8.33","1","40"
"20220922","1731","암수살인","8.33","1","40"
"20220922","1732","스폰지밥3D","8.33","1","40"
"20220922","1733","롱기스트 야드","8.33","1","40"
"20220922","1734","보이 걸 씽","8.33","1","40"
"20220922","1735","월요일이 사라졌다","8.33","1","40"
"20220922","1736","인사이더","8.33","1","40"
"20220922","1737","케빈에 대하여","8.33","1","40"
"20220922","1738","오멘","8.33","1","40"
"20220922","1739","라운더스","8.33","1","40"
"20220922","1740","매그놀리아","8.33","1","40"
"20220922","1741","강철비","8.33","1","40"
"20220922","1742","Mr. 히치 - 당신을 위한 데이트 코치","8.32","1","40"
"20220922","1743","우리 집에 왜 왔니","8.32","1","40"
"20220922","1744","신은 죽지 않았다 3: 어둠 속의 빛","8.32","1","40"
"20220922","1745","바다 탐험대 옥토넛 시즌4: 아슬아슬 구조대작전","8.32","1","40"
"20220922","1746","큐어","8.32","1","40"
"20220922","1747","현기증","8.32","1","40"
"20220922","1748","50/50","8.32","1","40"
"20220922","1749","토르: 다크 월드","8.32","1","40"
"20220922","1750","극장판 도라에몽: 진구의 우주영웅기~스페이스 히어로즈~","8.32","1","40"
"20220922","1751","런어웨이","8.32","1","40"
"20220922","1752","페어 러브","8.32","1","40"
"20220922","1753","들개","8.32","1","40"
"20220922","1754","불청객","8.32","1","40"
"20220922","1755","고스트버스터즈","8.32","1","40"
"20220922","1756","비비안 마이어를 찾아서","8.32","1","40"
"20220922","1757","검은 사제들","8.32","1","40"
"20220922","1758","나의 첫 번째 슈퍼스타","8.32","1","40"
"20220922","1759","위 워 솔저스","8.32","1","40"
"20220922","1760","이스케이프 플랜","8.31","1","40"
"20220922","1761","슈퍼 빼꼼: 스파이 대작전","8.31","1","40"
"20220922","1762","빛나는 순간","8.31","1","40"
"20220922","1763","블루 발렌타인","8.31","1","40"
"20220922","1764","천년여우","8.31","1","40"
"20220922","1765","유레루","8.31","1","40"
"20220922","1766","어벤져스: 에이지 오브 울트론","8.31","1","40"
"20220922","1767","마음이 외치고 싶어해","8.31","1","40"
"20220922","1768","리스본행 야간열차","8.31","1","40"
"20220922","1769","좋아해, 너를","8.31","1","40"
"20220922","1770","튼튼이의 모험","8.31","1","40"
"20220922","1771","주유소 습격사건","8.31","1","40"
"20220922","1772","더 콜","8.31","1","40"
"20220922","1773","그래비티","8.31","1","40"
"20220922","1774","헝거게임: 캣칭 파이어","8.31","1","40"
"20220922","1775","엑시트","8.31","1","40"
"20220922","1776","킹스 스피치","8.31","1","40"
"20220922","1777","헤어스프레이","8.31","1","40"
"20220922","1778","특별수사: 사형수의 편지","8.31","1","40"
"20220922","1779","원챈스","8.31","1","40"
"20220922","1780","파파로티","8.31","1","40"
"20220922","1781","나 없는 내 인생","8.31","1","40"
"20220922","1782","몬스터 패밀리","8.30","1","40"
"20220922","1783","마야","8.30","1","40"
"20220922","1784","리오 2","8.30","1","40"
"20220922","1785","패터슨","8.30","1","40"
"20220922","1786","제보자","8.30","1","40"
"20220922","1787","킬 빌 - 1부","8.30","1","40"
"20220922","1788","안녕, 형아","8.30","1","40"
"20220922","1789","에너미 라인스","8.30","1","40"
"20220922","1790","노미오와 줄리엣","8.30","1","40"
"20220922","1791","데스 위시","8.30","1","40"
"20220922","1792","유스","8.30","1","40"
"20220922","1793","나를 찾아줘","8.30","1","40"
"20220922","1794","나우 유 씨 미 2","8.30","1","40"
"20220922","1795","킬러들의 수다","8.30","1","40"
"20220922","1796","겟 아웃","8.30","1","40"
"20220922","1797","프로스트 VS 닉슨","8.30","1","40"
"20220922","1798","내 인생의 마지막 변화구","8.29","1","40"
"20220922","1799","덩케르크","8.29","1","40"
"20220922","1800","18 : 우리들의 성장 느와르","8.29","1","40"
"20220922","1801","쓰리 데이즈","8.29","1","40"
"20220922","1802","미라클 프롬 헤븐","8.29","1","40"
"20220922","1803","우리가 꿈꾸는 기적: 인빅터스","8.29","1","40"
"20220922","1804","더 테러 라이브","8.29","1","40"
"20220922","1805","사도","8.29","1","40"
"20220922","1806","옹박 - 두번째 미션","8.29","1","40"
"20220922","1807","김종욱 찾기","8.29","1","40"
"20220922","1808","시간 여행자의 아내","8.29","1","40"
"20220922","1809","무인 곽원갑","8.28","1","40"
"20220922","1810","쏘우 2","8.28","1","40"
"20220922","1811","앵그리버드 더 무비","8.28","1","40"
"20220922","1812","향수 - 어느 살인자의 이야기","8.28","1","40"
"20220922","1813","모짜르트와 고래","8.28","1","40"
"20220922","1814","황색 눈물","8.28","1","40"
"20220922","1815","폭력의 법칙: 나쁜 피 두 번째 이야기","8.28","1","40"
"20220922","1816","앨빈과 슈퍼밴드: 악동 어드벤처","8.28","1","40"
"20220922","1817","신기전","8.28","1","40"
"20220922","1818","컨테이젼","8.28","1","40"
"20220922","1819","캐리비안의 해적: 죽은 자는 말이 없다","8.28","1","40"
"20220922","1820","램페이지","8.28","1","40"
"20220922","1821","씬 시티","8.28","1","40"
"20220922","1822","더 재킷","8.28","1","40"
"20220922","1823","데인저러스 메소드","8.28","1","40"
"20220922","1824","나의 특별한 사랑 이야기","8.28","1","40"
"20220922","1825","7급 공무원","8.28","1","40"
"20220922","1826","비밀","8.28","1","40"
"20220922","1827","로드 투 퍼디션","8.28","1","40"
"20220922","1828","메이즈 러너","8.28","1","40"
"20220922","1829","극장판 요괴워치: 하늘을 나는 고래와 더블세계다냥!","8.28","1","40"
"20220922","1830","저수지의 개들","8.28","1","40"
"20220922","1831","칠드런 오브 맨","8.27","1","40"
"20220922","1832","엔젤 해즈 폴른","8.27","1","40"
"20220922","1833","데스 노트 - 라스트 네임","8.27","1","40"
"20220922","1834","해적: 바다로 간 산적","8.27","1","40"
"20220922","1835","라이온 킹","8.27","1","40"
"20220922","1836","파프리카","8.27","1","40"
"20220922","1837","문호 스트레이독스 [데드애플]","8.27","1","40"
"20220922","1838","노아의 방주: 남겨진 녀석들","8.27","1","40"
"20220922","1839","미스터 캣","8.27","1","40"
"20220922","1840","바람의 검, 신선조","8.27","1","40"
"20220922","1841","데스티네이션","8.27","1","40"
"20220922","1842","스탠리의 도시락","8.27","1","40"
"20220922","1843","원티드","8.27","1","40"
"20220922","1844","버드맨","8.27","1","40"
"20220922","1845","이퀄스","8.27","1","40"
"20220922","1846","분노의 질주","8.27","1","40"
"20220922","1847","트루 로맨스","8.27","1","40"
"20220922","1848","콜드 워","8.26","1","40"
"20220922","1849","브라더스","8.26","1","40"
"20220922","1850","청년경찰","8.26","1","40"
"20220922","1851","장사리 : 잊혀진 영웅들","8.26","1","40"
"20220922","1852","인크레더블 헐크","8.26","1","40"
"20220922","1853","공조","8.26","1","40"
"20220922","1854","좋아해줘","8.26","1","40"
"20220922","1855","양자물리학","8.26","1","40"
"20220922","1856","하늘에서 음식이 내린다면","8.26","1","40"
"20220922","1857","바다 탐험대 옥토넛 시즌4: 바다 괴물 대소동","8.26","1","40"
"20220922","1858","이별계약","8.26","1","40"
"20220922","1859","컨택트","8.26","1","40"
"20220922","1860","종려나무 숲","8.26","1","40"
"20220922","1861","거울나라의 앨리스","8.25","1","40"
"20220922","1862","신은 죽지 않았다 2","8.25","1","40"
"20220922","1863","시간","8.25","1","40"
"20220922","1864","벤허","8.25","1","40"
"20220922","1865","슈퍼미니","8.25","1","40"
"20220922","1866","프라임 러브","8.25","1","40"
"20220922","1867","크래쉬","8.25","1","40"
"20220922","1868","크리스마스 캐롤","8.25","1","40"
"20220922","1869","판의 미로 - 오필리아와 세 개의 열쇠","8.25","1","40"
"20220922","1870","오블리비언","8.25","1","40"
"20220922","1871","피터와 드래곤","8.25","1","40"
"20220922","1872","불량 공주 모모코","8.25","1","40"
"20220922","1873","서약","8.25","1","40"
"20220922","1874","사랑할 때 이야기하는 것들","8.25","1","40"
"20220922","1875","우리의 20세기","8.25","1","40"
"20220922","1876","삼진그룹 영어토익반","8.25","1","40"
"20220922","1877","판타스틱 소녀 백서","8.25","1","40"
"20220922","1878","구스범스","8.24","1","40"
"20220922","1879","무지개 여신","8.24","1","40"
"20220922","1880","양아치 느와르","8.24","1","40"
"20220922","1881","레드카펫","8.24","1","40"
"20220922","1882","마루 밑 아리에티","8.24","1","40"
"20220922","1883","아이 인 더 스카이","8.24","1","40"
"20220922","1884","메소드","8.24","1","40"
"20220922","1885","마이펫 오지","8.24","1","40"
"20220922","1886","내안의 그놈","8.24","1","40"
"20220922","1887","나의 PS 파트너","8.24","1","40"
"20220922","1888","비기너스","8.24","1","40"
"20220922","1889","아메리칸 싸이코","8.24","1","40"
"20220922","1890","아르고","8.24","1","40"
"20220922","1891","화벽","8.24","1","40"
"20220922","1892","미스터 노바디","8.23","1","40"
"20220922","1893","제로 다크 서티","8.23","1","40"
"20220922","1894","아이스 에이지 4: 대륙 이동설","8.23","1","40"
"20220922","1895","원 데이","8.23","1","40"
"20220922","1896","연애, 그 참을 수 없는 가벼움","8.23","1","40"
"20220922","1897","타임 패러독스","8.23","1","40"
"20220922","1898","폼포코 너구리 대작전","8.23","1","40"
"20220922","1899","포화 속으로","8.23","1","40"
"20220922","1900","디파이언스","8.23","1","40"
"20220922","1901","파더 앤 도터","8.23","1","40"
"20220922","1902","컬러풀 웨딩즈","8.23","1","40"
"20220922","1903","벼랑 위의 포뇨","8.23","1","40"
"20220922","1904","멋진 하루","8.23","1","40"
"20220922","1905","거북이는 의외로 빨리 헤엄친다","8.23","1","40"
"20220922","1906","클라우드 아틀라스","8.23","1","40"
"20220922","1907","엔칸토: 마법의 세계","8.23","1","40"
"20220922","1908","월드워Z","8.23","1","40"
"20220922","1909","여고괴담 두번째 이야기","8.22","1","40"
"20220922","1910","수퍼 소닉2","8.22","1","40"
"20220922","1911","저 산 너머","8.22","1","40"
"20220922","1912","무산일기","8.22","1","40"
"20220922","1913","허비 - 첫 시동을 걸다","8.22","1","40"
"20220922","1914","일루셔니스트","8.22","1","40"
"20220922","1915","컨저링 2","8.22","1","40"
"20220922","1916","댄 인 러브","8.22","1","40"
"20220922","1917","베티블루 37.2","8.22","1","40"
"20220922","1918","봄날의 곰을 좋아하세요?","8.22","1","40"
"20220922","1919","페넬로피","8.22","1","40"
"20220922","1920","멋진 악몽","8.22","1","40"
"20220922","1921","발레 교습소","8.22","1","40"
"20220922","1922","노인을 위한 나라는 없다","8.22","1","40"
"20220922","1923","인투 더 스톰","8.22","1","40"
"20220922","1924","팬도럼","8.22","1","40"
"20220922","1925","그래, 가족","8.22","1","40"
"20220922","1926","마녀","8.22","1","40"
"20220922","1927","말레피센트","8.22","1","40"
"20220922","1928","인랑","8.21","1","40"
"20220922","1929","빅 아이즈","8.21","1","40"
"20220922","1930","럭키 넘버 슬레븐","8.21","1","40"
"20220922","1931","엑스맨 2 - 엑스투","8.21","1","40"
"20220922","1932","69 식스티 나인","8.21","1","40"
"20220922","1933","서양골동양과자점 앤티크","8.21","1","40"
"20220922","1934","올 이즈 로스트","8.21","1","40"
"20220922","1935","전우치","8.21","1","40"
"20220922","1936","캐리비안의 해적 - 세상의 끝에서","8.21","1","40"
"20220922","1937","체인지","8.21","1","40"
"20220922","1938","화성 아이, 지구 아빠","8.21","1","40"
"20220922","1939","엑스맨 탄생: 울버린","8.21","1","40"
"20220922","1940","577 프로젝트","8.21","1","40"
"20220922","1941","록키 4","8.21","1","40"
"20220922","1942","사랑을 놓치다","8.21","1","40"
"20220922","1943","마지막 4중주","8.21","1","40"
"20220922","1944","1번가의 기적","8.21","1","40"
"20220922","1945","천일의 스캔들","8.21","1","40"
"20220922","1946","해리 포터와 죽음의 성물 - 1부","8.21","1","40"
"20220922","1947","팅커 테일러 솔저 스파이","8.21","1","40"
"20220922","1948","오! 브라더스","8.21","1","40"
"20220922","1949","경계선","8.21","1","40"
"20220922","1950","비포 미드나잇","8.20","1","40"
"20220922","1951","런","8.20","1","40"
"20220922","1952","나의 사적인 여자친구","8.20","1","40"
"20220922","1953","철콘 근크리트","8.20","1","40"
"20220922","1954","와일드 테일즈: 참을 수 없는 순간","8.20","1","40"
"20220922","1955","판도라","8.20","1","40"
"20220922","1956","월스트리트: 분노의 복수","8.20","1","40"
"20220922","1957","파가니니: 악마의 바이올리니스트","8.20","1","40"
"20220922","1958","킹스글레이브: 파이널 판타지 XV","8.20","1","40"
"20220922","1959","저지 걸","8.20","1","40"
"20220922","1960","21 그램","8.20","1","40"
"20220922","1961","이상한 나라의 수학자","8.20","1","40"
"20220922","1962","랜섬","8.20","1","40"
"20220922","1963","아이스 에이지: 지구 대충돌","8.20","1","40"
"20220922","1964","짱구는 못말려 극장판: 태풍을 부르는 나와 우주의 프린세스","8.20","1","40"
"20220922","1965","퀸카로 살아남는 법","8.20","1","40"
"20220922","1966","프랑켄위니","8.20","1","40"
"20220922","1967","데드풀","8.20","1","40"
"20220922","1968","인디펜던스 데이","8.20","1","40"
"20220922","1969","스타트렉 비욘드","8.19","1","40"
"20220922","1970","이스턴 프라미스","8.19","1","40"
"20220922","1971","4월 이야기","8.19","1","40"
"20220922","1972","해피 데스데이","8.19","1","40"
"20220922","1973","고령화 가족","8.19","1","40"
"20220922","1974","슬리피 할로우","8.19","1","40"
"20220922","1975","브리짓 존스의 일기 - 열정과 애정","8.19","1","40"
"20220922","1976","클로저","8.19","1","40"
"20220922","1977","아나키스트","8.19","1","40"
"20220922","1978","디스 민즈 워","8.19","1","40"
"20220922","1979","플란다스의 개","8.19","1","40"
"20220922","1980","나쁜 녀석들 2","8.19","1","40"
"20220922","1981","기억의 밤","8.19","1","40"
"20220922","1982","더 테너 리리코 스핀토","8.19","1","40"
"20220922","1983","하트 오브 더 씨","8.19","1","40"
"20220922","1984","터미네이터: 미래전쟁의 시작","8.19","1","40"
"20220922","1985","스워드피쉬","8.19","1","40"
"20220922","1986","워터호스","8.18","1","40"
"20220922","1987","마을에 부는 산들바람","8.18","1","40"
"20220922","1988","링컨 차를 타는 변호사","8.18","1","40"
"20220922","1989","셰임","8.18","1","40"
"20220922","1990","더 임파서블","8.18","1","40"
"20220922","1991","맨 인 블랙 3","8.18","1","40"
"20220922","1992","셜록 홈즈","8.18","1","40"
"20220922","1993","몬스터 호텔","8.18","1","40"
"20220922","1994","작전명 발키리","8.18","1","40"
"20220922","1995","잠깐만 회사 좀 관두고 올게","8.18","1","40"
"20220922","1996","맨 프롬 UNCLE","8.18","1","40"
"20220922","1997","엑스맨: 아포칼립스","8.18","1","40"
"20220922","1998","신비한 동물사전","8.18","1","40"
"20220922","1999","애프터 양","8.18","1","40"
"20220922","2000","마더","8.18","1","40"
